{
    "schema": [
        {
            "name": "process_date", 
            "type": "string", 
            "nullable": true
        },
        {
            "name": "started_at", 
            "type": "timestamp", 
            "nullable": true
        },
        {
            "name": "completed_at", 
            "type": "timestamp", 
            "nullable": true
        },
        {
            "name": "status", 
            "type": "string", 
            "nullable": true
        },
        {
            "name": "message_count", 
            "type": "int", 
            "nullable": true
        },
        {
            "name": "file_count", 
            "type": "int", 
            "nullable": true
        },
        {
            "name": "error_count", 
            "type": "int", 
            "nullable": true
        },
        {
            "name": "pipeline_type", 
            "type": "bool", 
            "nullable": true
        }
    ],
    "properties": {
        "path": "s3://spr-idf-{replace}-platform-landing/catalog/uspf/dp_date_processing_log_v1",
        "delta.checkpoint.writeStatsAsJson": "false",
        "delta.checkpoint.writeStatsAsStruct": "true",
        "delta.columnMapping.mode": "name",
        "delta.feature.appendOnly": "supported",
        "delta.feature.invariants": "supported",
        "delta.minReaderVersion": "1",
        "delta.minWriterVersion": "2",
        "delta.feature.allowColumnDefaults": "supported"
    }
}