{
    "schema": [
        {
            "name": "file_path", 
            "type": "string", 
            "nullable": true
        },
        {
            "name": "file_name", 
            "type": "string", 
            "nullable": true
        },
        {
            "name": "bucket_name", 
            "type": "string", 
            "nullable": true
        },
        {
            "name": "target_table", 
            "type": "string", 
            "nullable": true
        },
        {
            "name": "phoenix_id", 
            "type": "string", 
            "nullable": true
        },
        {
            "name": "report_id", 
            "type": "string", 
            "nullable": true
        },
        {
            "name": "message_key", 
            "type": "string", 
            "nullable": true
        },
        {
            "name": "processed_at", 
            "type": "timestamp", 
            "nullable": true
        },
        {
            "name": "process_date", 
            "type": "string", 
            "nullable": true
        },
        {
            "name": "status", 
            "type": "string", 
            "nullable": true
        },
        {
            "name": "pipeline_type", 
            "type": "bool", 
            "nullable": true
        }
    ],
    "properties": {
        "path": "s3://spr-idf-{replace}-platform-landing/catalog/uspf/dp_file_processing_log_v1",
        "delta.checkpoint.writeStatsAsJson": "false",
        "delta.checkpoint.writeStatsAsStruct": "true",
        "delta.columnMapping.mode": "name",
        "delta.feature.appendOnly": "supported",
        "delta.feature.invariants": "supported",
        "delta.minReaderVersion": "1",
        "delta.minWriterVersion": "2",
        "delta.feature.allowColumnDefaults": "supported"
    }
}