{
    "schema": [
        {
            "name": "ASID", 
            "type": "string", 
            "nullable": true
        },
        {
            "name": "PHOENIX_ID", 
            "type": "string", 
            "nullable": true
        },
        {
            "name": "SP_ORG_ID", 
            "type": "string", 
            "nullable": true
        },
        {
            "name": "FINANCIAL_SECTOR", 
            "type": "string", 
            "nullable": true
        },
        {
            "name": "FIN_REVENUE_TYPE", 
            "type": "string", 
            "nullable": true
        },
        {
            "name": "FIN_REVENUE_SUBTYPE", 
            "type": "string", 
            "nullable": true
        },
        {
            "name": "DEAL_NAME_DESCRIPTOR", 
            "type": "string", 
            "nullable": true
        },
        {
            "name": "UPDATE_DATE", 
            "type": "timestamp", 
            "nullable": true
        }
    ],
    "properties": {
        "path": "s3://spr-idf-{replace}-platform-landing/catalog/uspf/t_asid_org_linking_v1",
        "delta.checkpoint.writeStatsAsJson": "false",
        "delta.checkpoint.writeStatsAsStruct": "true",
        "delta.columnMapping.mode": "name",
        "delta.feature.appendOnly": "supported",
        "delta.feature.invariants": "supported",
        "delta.minReaderVersion": "1",
        "delta.minWriterVersion": "2",
        "delta.feature.allowColumnDefaults": "supported"
    }
}