{
    "schema": [
        {
            "name": "ASID", 
            "type": "long", 
            "nullable": true
        },
        {
            "name": "DISPLAY_NAME", 
            "type": "string", 
            "nullable": true
        },
        {
            "name": "STATE", 
            "type": "string", 
            "nullable": true
        },
        {
            "name": "CORE_OBLIGOR", 
            "type": "string", 
            "nullable": true
        },
        {
            "name": "OBLIGOR_ORG_ID", 
            "type": "string", 
            "nullable": true
        },
        {
            "name": "SP_ORG_NAME", 
            "type": "string", 
            "nullable": true
        },
        {
            "name": "SP_ORG_ID", 
            "type": "long", 
            "nullable": true
        },
        {
            "name": "ASID_ACTIVE_FLAG", 
            "type": "string", 
            "nullable": true
        },
        {
            "name": "ASID_CREATE_DATE", 
            "type": "date", 
            "nullable": true
        },
        {
            "name": "EXPECTED_FINANCIAL_SECTOR", 
            "type": "string", 
            "nullable": true
        },
        {
            "name": "DEPENDENCY_TYP_NAME", 
            "type": "string", 
            "nullable": true
        },
        {
            "name": "PORTFOLIO", 
            "type": "string", 
            "nullable": true
        },
        {
            "name": "SECURITY", 
            "type": "string", 
            "nullable": true
        },
        {
            "name": "SUBSECURITY", 
            "type": "string", 
            "nullable": true
        },
        {
            "name": "DEPENDENCY_BUCKET", 
            "type": "string", 
            "nullable": true
        },
        {
            "name": "MRS", 
            "type": "string", 
            "nullable": true
        }
    ],
    "properties": {
        "path": "s3://spr-idf-{replace}-platform-landing/catalog/uspf/t_asid_mapping_reference_v1",
        "delta.checkpoint.writeStatsAsJson": "false",
        "delta.checkpoint.writeStatsAsStruct": "true",
        "delta.columnMapping.mode": "name",
        "delta.feature.appendOnly": "supported",
        "delta.feature.invariants": "supported",
        "delta.minReaderVersion": "1",
        "delta.minWriterVersion": "2",
        "delta.feature.allowColumnDefaults": "supported"
    }
}