{
    "schema": [
        {
            "name": "PHOENIX_PLAN_ID", 
            "type": "string", 
            "nullable": true
        },
        {
            "name": "PHOENIX_ID",
            "type": "string",
            "nullable": true
        },
        {
            "name": "ACTION",
            "type": "string",
            "nullable": true
        },
        {
            "name": "REPORT_ID",
            "type": "string",
            "nullable": true
        },
        {
            "name": "SOURCE_FILE_CREATE_DATE",
            "type": "string",
            "nullable": true
        },
        {
            "name": "processing_timestamp",
            "type": "timestamp",
            "nullable": true
        },
        {
            "name": "source_file",
            "type": "string",
            "nullable": true
        },
        {
            "name": "source_bucket",
            "type": "string",
            "nullable": true
        },
        {
            "name": "process_date",
            "type": "string",
            "nullable": true
        },
        {
            "name": "created_at",
            "type": "timestamp",
            "nullable": true
        },
        {
            "name": "updated_at",
            "type": "timestamp",
            "nullable": true
        }
    ],
    "properties": {
        "path": "s3://spr-idf-{replace}-platform-landing/catalog/uspf/t_dc_transaction_plan_id_v1",
        "delta.checkpoint.writeStatsAsJson": "false",
        "delta.checkpoint.writeStatsAsStruct": "true",
        "delta.columnMapping.mode": "name",
        "delta.feature.appendOnly": "supported",
        "delta.feature.invariants": "supported",
        "delta.minReaderVersion": "1",
        "delta.minWriterVersion": "2",
        "delta.feature.allowColumnDefaults": "supported"
    }
}