{
    "schema" : [
    {
        "name": "TEMPLT_SECTOR_NAME",
        "type": "string",
        "nullable": true
    },
    {
        "name": "SCENARIO_CD",
        "type": "string",
        "nullable": true

    },
    {
        "name": "SCENARIO_NAME",
        "type": "string",
        "nullable": true

    },
    {
        "name": "PRIORITY_ORDR_NUM",
        "type": "int",
        "nullable": true

    }
],

"properties": {
        "path": "s3://spr-idf-{replace}-platform-landing/catalog/uspf/t_dc_statement_basis_precedence_v1",
        "delta.checkpoint.writeStatsAsJson": "false",
        "delta.checkpoint.writeStatsAsStruct": "true",
        "delta.columnMapping.mode": "name",
        "delta.feature.appendOnly": "supported",
        "delta.feature.invariants": "supported",
        "delta.minReaderVersion": "1",
        "delta.minWriterVersion": "2",
        "delta.feature.allowColumnDefaults": "supported"
    }
}