{
    "schema": [
        {
            "name": "PHOENIX_ID", 
            "type": "string", 
            "nullable": true
        },
        {
            "name": "PHOENIX_PLAN_ID", 
            "type": "string", 
            "nullable": true
        },
        {
            "name": "SECTOR_NAME", 
            "type": "string", 
            "nullable": true
        },
        {
            "name": "CORE_ORG_ID", 
            "type": "string", 
            "nullable": true
        },
        {
            "name": "PER_TYPE_NAME", 
            "type": "string", 
            "nullable": true
        },
        {
            "name": "MEASURE_DATE", 
            "type": "string", 
            "nullable": true
        },
        {
            "name": "PERIOD_END_DATE", 
            "type": "string", 
            "nullable": true
        },
        {
            "name": "PERIOD_MONTHS", 
            "type": "string", 
            "nullable": true
        },
        {
            "name": "STATEMENT_BASIS_NAME", 
            "type": "string", 
            "nullable": true
        },
        {
            "name": "ACCOUNT_BASIS_NAME", 
            "type": "string", 
            "nullable": true
        },
        {
            "name": "APR_ACCEPTABLE", 
            "type": "string", 
            "nullable": true
        },
        {
            "name": "SOURCE_FILE_CREATE_DATE", 
            "type": "string", 
            "nullable": true
        },
        {
            "name": "SRC_DE_UNIQ_ID_TEXT", 
            "type": "string", 
            "nullable": true
        },
        {
            "name": "DP_VALUE", 
            "type": "string", 
            "nullable": true
        },
        {
            "name": "REPORT_ID", 
            "type": "string", 
            "nullable": true
        },
        {
            "name": "DELETE_FLAG", 
            "type": "string", 
            "nullable": true
        },
        {
            "name": "ACTION", 
            "type": "string", 
            "nullable": true
        },
        {
            "name": "COLLECTION_DENOM", 
            "type": "string", 
            "nullable": true
        },
        {
            "name": "processing_timestamp", 
            "type": "timestamp", 
            "nullable": true
        },
        {
            "name": "source_file", 
            "type": "string", 
            "nullable": true
        },
        {
            "name": "source_bucket", 
            "type": "string", 
            "nullable": true
        },
        {
            "name": "process_date", 
            "type": "string", 
            "nullable": true
        },
        {
            "name": "created_at", 
            "type": "timestamp", 
            "nullable": true
        },
        {
            "name": "updated_at", 
            "type": "timestamp", 
            "nullable": true
        }
    ],

    "properties": {
        "path": "s3://spr-idf-{replace}-platform-landing/catalog/uspf/t_dp_transaction_dp_load_v1",
        "delta.checkpoint.writeStatsAsJson": "false",
        "delta.checkpoint.writeStatsAsStruct": "true",
        "delta.columnMapping.mode": "name",
        "delta.feature.appendOnly": "supported",
        "delta.feature.invariants": "supported",
        "delta.minReaderVersion": "1",
        "delta.minWriterVersion": "2",
        "delta.feature.allowColumnDefaults": "supported"
    }
}