{
    "schema": [
        {
            "name": "topic", 
            "type": "string", 
            "nullable": true
        },
        {
            "name": "topic_partition", 
            "type": "int", 
            "nullable": true
        },
        {
            "name": "topic_offset", 
            "type": "long", 
            "nullable": true
        },
        {
            "name": "topic_timestamp", 
            "type": "long", 
            "nullable": true
        },
        {
            "name": "message_key", 
            "type": "string", 
            "nullable": true
        },
        {
            "name": "message_value", 
            "type": "string", 
            "nullable": true
        },
        {
            "name": "process_time", 
            "type": "timestamp", 
            "nullable": true
        }
    ],
    "properties": {
        "path": "s3://spr-idf-{replace}-platform-landing/catalog/uspf/t_org_linking_responses_v1",
        "delta.checkpoint.writeStatsAsJson": "false",
        "delta.checkpoint.writeStatsAsStruct": "true",
        "delta.columnMapping.mode": "name",
        "delta.feature.appendOnly": "supported",
        "delta.feature.invariants": "supported",
        "delta.minReaderVersion": "1",
        "delta.minWriterVersion": "2",
        "delta.feature.allowColumnDefaults": "supported"
    }
}