{
    "schema": [
        {
            "name": "message_key", 
            "type": "string", 
            "nullable": true
        },
        {
            "name": "org_primary_name", 
            "type": "string", 
            "nullable": true
        },
        {
            "name": "sp_org_id", 
            "type": "string", 
            "nullable": true
        },
        {
            "name": "phoenix_id", 
            "type": "string", 
            "nullable": true
        },
        {
            "name": "status", 
            "type": "string", 
            "nullable": true
        },
        {
            "name": "error_message", 
            "type": "string", 
            "nullable": true
        },
        {
            "name": "process_time", 
            "type": "timestamp", 
            "nullable": true
        },
        {
            "name": "etl_timestamp", 
            "type": "string", 
            "nullable": true
        },
        {
            "name": "financial_sector", 
            "type": "string", 
            "nullable": true
        },
        {
            "name": "display_name", 
            "type": "string", 
            "nullable": true
        },
        {
            "name": "state", 
            "type": "string", 
            "nullable": true
        },
        {
            "name": "portfolio", 
            "type": "string", 
            "nullable": true
        }
    ],
    "properties": {
        "path": "s3://spr-idf-{replace}-platform-landing/catalog/uspf/t_org_table_linking_stage_v1",
        "delta.checkpoint.writeStatsAsJson": "false",
        "delta.checkpoint.writeStatsAsStruct": "true",
        "delta.columnMapping.mode": "name",
        "delta.feature.appendOnly": "supported",
        "delta.feature.invariants": "supported",
        "delta.minReaderVersion": "1",
        "delta.minWriterVersion": "2",
        "delta.feature.allowColumnDefaults": "supported"
    }
}