{
  "process_id":5,
  "job_id":5,
  "target_to_source_mapping":{"VendorCountryId":"CountryId","CountryName":"Country","ISOCountry2":"ISOCOUNTRY2","ISOCountry3":"ISOCountry3","VendorRegionId":"RegionId","RegionName":"Region"},
  "table_name":"countrygeo",
  "keys":"VendorCountryId",
  "surrogate_key":"CountryGeoId",
  "ignorable_columns":"",
  "audit_columns" : ["create_usr_id","last_upd_usr_id","actv_ind","create_dttm","last_upd_dttm"],
  "raw_table":"v_ciqcountrygeo",
  "curated_table_path":"s3://spr-idf-qa-platform-engineered/catalog/ecr_economic_data/countrygeo",
  "column_transformations":"",
  "lookup_table_list":""
}