{
  "process_id":7,
  "job_id":7,
  "target_to_source_mapping":{"VendorCurrencyId":"CurrencyId","CurrencyName":"CurrencyName","CountryId":"CountryId","MajorCurrencyFlag":"MajorCurrencyFlag","ISOCode":"ISOCode"},
  "table_name":"currency",
  "keys":"VendorCurrencyId",
  "surrogate_key":"CurrencyId",
  "ignorable_columns":"",
  "audit_columns" : ["create_usr_id","last_upd_usr_id","actv_ind","create_dttm","last_upd_dttm"],
  "raw_table":"v_ciqcurrency",
  "curated_table_path":"s3://spr-idf-qa-platform-engineered/catalog/ecr_economic_data/currency",
  "column_transformations":"",
  "lookup_table_list":[
    {
        "idf_curated_qa.ecr_economic_data.t_countrygeo": {
            "join_condition": {"CountryId":"VendorCountryId"},
            "fetch_value":"CountryGeoId",
            "condition":{"actv_ind":"Y"}
        }
    }
  ]
}