{
  "process_id":18,
  "job_id":18,
  "target_to_source_mapping":{"ECR_TimeSeriesId":"TimeSeriesId","ECR_SourceTypeID":"SourceId"},
  "table_name":"ecr_timeseriessource",
  "keys":"ECR_TimeSeriesId,ECR_SourceTypeId",
  "surrogate_key":"",
  "ignorable_columns":"",
  "ignore_null_keys":"Y",
  "ignore_null_key_columns":["ECR_SourceTypeID","ECR_TimeSeriesId"],
  "audit_columns" : ["create_usr_id","last_upd_usr_id","actv_ind","create_dttm","last_upd_dttm"],
  "raw_table":"v_ecrtimeseriessource",
  "curated_table_path":"s3://spr-idf-qa-platform-engineered/catalog/ecr_economic_data/ecr_timeseriessource",
  "column_transformations":"",
  "lookup_table_list":[
    {
        "idf_curated_qa.ecr_economic_data.t_ecr_timeseries": {
            "join_condition": {"ECR_TimeSeriesId":"VendorTimeSeriesId"},
            "fetch_value":"ECR_TimeSeriesId",
            "condition":{"actv_ind":"Y"}
        }
    },
    {
        "idf_curated_qa.ecr_economic_data.t_ECR_SourceType": {
            "join_condition": {"ECR_SourceTypeId":"vendorSourceid"},
            "fetch_value":"ECR_SourceTypeId",
            "condition":{"cur_ind":"Y","actv_ind":"Y"}
        }
    }
  ]
}