{
  "process_id":13,
  "job_id":13,
  "target_to_source_mapping":{"VendorSeriesTypeId":"seriesTypeId","VendorModificationTime":"ModificationTime","Name":"Name","OrderUnderParent":"OrderUnderParent","ParentVendorId":"ParentId"},
  "table_name":"ecr_seriestype",
  "keys":"VendorSeriesTypeId",
  "surrogate_key":"ECR_SeriesTypeId",
  "ignorable_columns":"",
  "audit_columns" : ["create_usr_id","last_upd_usr_id","cur_ind","actv_ind","start_dttm","end_dttm","create_dttm","last_upd_dttm","start_date","end_date"],
  "raw_table":"v_ecrseriestype",
  "curated_table_path":"s3://spr-idf-qa-platform-engineered/catalog/ecr_economic_data/ecr_seriestype",
  "column_transformations":"",
  "lookup_table_list":""
}