{
  "process_id":3,
  "job_id":3,
  "target_to_source_mapping":{"VendorEconomicConceptId":"EconomicConceptId","VendorModificationTime":"ModificationTime","Name":"Name","OrderUnderParent":"OrderUnderParent","ParentVendorId":"ParentId"},
  "table_name":"ecr_concepttype",
  "keys":"VendorEconomicConceptId",
  "surrogate_key":"ECR_ConceptTypeId",
  "ignorable_columns":"",
  "audit_columns" : ["create_usr_id","last_upd_usr_id","cur_ind","actv_ind","start_dttm","end_dttm","create_dttm","last_upd_dttm","start_date","end_date"],
  "raw_table":"v_ecrconcepttype",
  "curated_table_path":"s3://spr-idf-qa-platform-engineered/catalog/ecr_economic_data/ecr_concepttype",
  "column_transformations":"",
  "lookup_table_list":""
}