{
  "process_id":2,
  "job_id":2,
  "target_to_source_mapping":{"VendorProductNumber":"ProductNumber","BankId":"BankId","ProductName":"ProductName","ProductComponent":"ProductComponent"},
  "table_name":"ecr_productbank",
  "keys": "VendorProductNumber,ECR_BankId",
  "surrogate_key":"ECR_ProductBankId",
  "ignorable_columns":"",
  "audit_columns" : ["create_usr_id","last_upd_usr_id","actv_ind","create_dttm","last_upd_dttm"],
  "raw_table":"v_ecrproductbank",
  "curated_table_path":"s3://spr-idf-qa-platform-engineered/catalog/ecr_economic_data/ecr_productbank",
  "column_transformations":"",
  "lookup_table_list":[
    {
        "idf_curated_qa.ecr_economic_data.t_ecr_bank": {
            "join_condition": {"BankId":"VendorBankId"},
            "fetch_value":"ECR_BankId",
            "condition":{"cur_ind":"Y","actv_ind":"Y"}
        }
    }
  ]
}