{
  "process_id":16,
  "job_id":16,
  "target_to_source_mapping":{"TimeSeriesId":"TimeSeriesId","VendorTimeSeriesId":"TimeSeriesId","VendorAsOf":"AsOf","VendorAsOfYear":"AsOf","VendorProductNumber":"ProductNumber","VendorModificationTime":"ModificationTime",
  "Value":"Value","VendorLastUpdateTime":"LastUpdateTime"},
  "table_name":"ecr_observationproduct",
  "keys": "VendorTimeSeriesId,VendorAsOf,VendorProductNumber",
  "surrogate_key":"ecr_observationproductid",
  "ignorable_columns":"",
  "audit_columns" : ["create_usr_id","last_upd_usr_id","cur_ind","actv_ind","start_dttm","end_dttm","create_dttm","last_upd_dttm","start_date","end_date"],
  "raw_table":"v_ecrobservationproduct",
  "curated_table_path":"s3://spr-idf-qa-platform-engineered/catalog/ecr_economic_data/ecr_observationproduct",
  "column_transformations":[
    {
        "column": "VendorAsOfYear",
        "transformation": "to_date(col('VendorAsOf'), 'yyyy-MM-dd HH:mm:ss')"
    }],
  "lookup_table_list":[
    {
        "idf_curated_qa.ecr_economic_data.t_ecr_timeseries": {
            "join_condition": {"TimeSeriesId":"VendorTimeSeriesId"},
            "fetch_value":"ECR_TimeSeriesId",
            "condition":{"actv_ind":"Y"}
        }
    }
  ]
}