{
  "process_id":17,
  "job_id":17,
  "target_to_source_mapping":{"ECR_TimeSeriesId":"TimeSeriesId","BankId":"BankId"},
  "table_name":"ecr_timeseriesbank",
  "keys":"ECR_TimeSeriesId,ECR_BankId",
  "surrogate_key":"",
  "ignorable_columns":"",
  "ignore_null_keys":"Y",
  "ignore_null_key_columns":["ECR_BankId","ECR_TimeSeriesId"],
  "audit_columns" : ["create_usr_id","last_upd_usr_id","actv_ind","create_dttm","last_upd_dttm"],
  "raw_table":"v_ecrtimeseriesbank",
  "curated_table_path":"s3://spr-idf-qa-platform-engineered/catalog/ecr_economic_data/ecr_timeseriesbank",
  "column_transformations":"",
  "lookup_table_list":[
    {
        "idf_curated_qa.ecr_economic_data.t_ecr_timeseries": {
            "join_condition": {"ECR_TimeSeriesId":"VendorTimeSeriesId"},
            "fetch_value":"ECR_TimeSeriesId",
            "condition":{"actv_ind":"Y"}
        }
    },
    {
        "idf_curated_qa.ecr_economic_data.t_ecr_bank": {
            "join_condition": {"BankId":"VendorBankId"},
            "fetch_value":"ECR_BankId",
            "condition":{"cur_ind":"Y"}
        }
    }
  ]
}