{
  "process_id":8,
  "job_id":8,
  "target_to_source_mapping":{"VendorUnitId":"UnitId","VendorModificationTime":"ModificationTime","Name":"Name"},
  "table_name":"ecr_unittype",
  "keys":"VendorUnitId",
  "surrogate_key":"ECR_UnitTypeId",
  "ignorable_columns":"",
  "audit_columns" : ["create_usr_id","last_upd_usr_id","cur_ind","actv_ind","start_dttm","end_dttm","create_dttm","last_upd_dttm","start_date","end_date"],
  "raw_table":"v_ecrunittype",
  "curated_table_path":"s3://spr-idf-qa-platform-engineered/catalog/ecr_economic_data/ecr_unittype",
  "column_transformations":"",
  "lookup_table_list":""
}