{
  "process_id":12,
  "job_id":12,
  "target_to_source_mapping":{"VendorScaleId":"ScaleId","VendorModificationTime":"ModificationTime","Name":"Name"},
  "table_name":"ecr_scaletype",
  "keys":"VendorScaleId",
  "surrogate_key":"ECR_ScaleId",
  "ignorable_columns":"",
  "audit_columns" : ["create_usr_id","last_upd_usr_id","cur_ind","actv_ind","start_dttm","end_dttm","create_dttm","last_upd_dttm","start_date","end_date"],
  "raw_table":"v_ecrscaletype",
  "curated_table_path":"s3://spr-idf-qa-platform-engineered/catalog/ecr_economic_data/ecr_scaletype",
  "column_transformations":"",
  "lookup_table_list":""
}