{
  "process_id":6,
  "job_id":6,
  "target_to_source_mapping":{"GeographicLocationId":"GeographicLocationId","CountryId":"CountryId"},
  "table_name":"ecr_countrygeo",
  "keys":"ECR_GeographicLocationId",
  "surrogate_key":"",
  "ignorable_columns":"",
  "audit_columns" : ["create_usr_id","last_upd_usr_id","actv_ind","create_dttm","last_upd_dttm"],
  "raw_table":"v_ecrcountrygeo",
  "curated_table_path":"s3://spr-idf-qa-platform-engineered/catalog/ecr_economic_data/ecr_countrygeo",
  "column_transformations":"",
  "lookup_table_list":[
    {
        "idf_curated_qa.ecr_economic_data.t_ecr_geographiclocation": {
            "join_condition": {"GeographicLocationId":"VendorGeographicLocationId"},
            "fetch_value":"ECR_GeographicLocationId",
            "condition":{"cur_ind":"Y" , "actv_ind":"Y"}
        }
    },
    {
        "idf_curated_qa.ecr_economic_data.t_countrygeo": {
            "join_condition": {"CountryId":"VendorCountryId"},
            "fetch_value":"CountryGeoId",
            "condition":{"actv_ind":"Y"}
        }
    }
  ]
}