{
  "process_id":9,
  "job_id":9,
  "target_to_source_mapping":{"UnitId":"UnitId","CurrencyId":"CurrencyId"},
  "table_name":"ecr_unittype_currency",
  "keys":"ECR_UnitTypeId",
  "surrogate_key":"ECR_FrequencyTypeId",
  "ignorable_columns":"",
  "audit_columns" : ["create_usr_id","last_upd_usr_id","actv_ind","create_dttm","last_upd_dttm"],
  "raw_table":"v_ecrcurrency",
  "curated_table_path":"s3://spr-idf-qa-platform-engineered/catalog/ecr_economic_data/ecr_unittype_currency",
  "column_transformations":"",
  "lookup_table_list":[
    {
        "idf_curated_qa.ecr_economic_data.t_ecr_unittype": {
            "join_condition": {"UnitId":"VendorUnitId"},
            "fetch_value":"ECR_UnitTypeId",
            "condition":{"cur_ind":"Y"}
        }
    },
    {
        "idf_curated_qa.ecr_economic_data.t_currency": {
            "join_condition": {"CurrencyId":"VendorCurrencyId"},
            "fetch_value":"CurrencyId",
            "condition":{"actv_ind":"Y"}
        }
    }
  ]
}