{
  "process_id":15,
  "job_id":15,
  "target_to_source_mapping":{"VendorTimeSeriesId":"TimeSeriesId","LegacyId":"LegacyId","DefaultMnemonic":"defaultMnemonic","VendorAsOfDateTime":"asOfDateTime","VendorAsOfYear":"asOfDateTime","AttributeTimeStamp":"AttributeTimeStamp","basePeriodBegin":"basePeriodBegin","basePeriodEnd":"basePeriodEnd","basePeriodValue":"basePeriodValue","VendorcreationTimeStamp":"creationTimeStamp","VendorConceptId":"EconomicConceptId","VendorEndDate":"EndDate","VendorFrequencyId":"FrequencyId","GeographicLocationId":"GeographicLocationId","HistoryForecastDate":"HistoryForecastDate","IndustryClassificationId":"IndustryClassificationId","LongLabel":"LongLabel","Mnemonic":"Mnemonic","RealNominal":"RealNominal","ScaleId":"ScaleId","SeasonalAdjustment":"SeasonalAdjustment","SeriesTypeId":"SeriesTypeId","ShortLabel":"ShortLabel","VendorStartDate":"StartDate","UnitId":"UnitId","VendorValuesTimeStamp":"ValuesTimeStamp"},
  "table_name":"ecr_timeseries",
  "keys":"VendorTimeSeriesId",
  "surrogate_key":"ECR_TimeSeriesId",
  "ignorable_columns":"",
  "audit_columns" : ["create_usr_id","last_upd_usr_id","actv_ind","create_dttm","last_upd_dttm"],
  "raw_table":"v_ecrtimeseries",
  "curated_table_path":"s3://spr-idf-qa-platform-engineered/catalog/ecr_economic_data/ecr_timeseries",
  "hist_table_curated_path":"s3://spr-idf-qa-platform-engineered/catalog/ecr_economic_data/ecr_timeseries_hist",
  "column_transformations":[
    {
        "column": "VendorAsOfYear",
        "transformation": "year(to_date(col('VendorAsOfDateTime'), 'yyyy-MM-dd HH:mm:ss')).cast('integer')"
    }],
  "lookup_table_list":[{
    "idf_curated_qa.ecr_economic_data.t_ecr_frequencytype": {
        "join_condition": {"VendorFrequencyId":"VendorFrequencyId"},
        "fetch_value":"ECR_FrequencyTypeId",
        "condition":{"cur_ind":"Y"}
    }
},
{
    "idf_curated_qa.ecr_economic_data.t_ECR_ConceptType": {
        "join_condition": {"VendorConceptId":"VendorEconomicConceptId"},
        "fetch_value":"ECR_ConceptTypeId",
        "condition":{"cur_ind":"Y"}
    }
},
 {
    "idf_curated_qa.ecr_economic_data.t_ECR_GeographicLocation": {
        "join_condition": {"GeographicLocationId":"VendorGeographicLocationId"},
        "fetch_value":"ECR_GeographicLocationId",
        "condition":{"cur_ind":"Y"}
    }
},
{
    "idf_curated_qa.ecr_economic_data.t_ECR_Industry": {
        "join_condition": {"IndustryClassificationId":"VendorIndustryClassificationId"},
        "fetch_value":"ECR_IndustryId",
        "condition":{"cur_ind":"Y"}
    }
},
{
    "idf_curated_qa.ecr_economic_data.t_ECR_ScaleType": {
        "join_condition": {"ScaleId":"VendorScaleId"},
        "fetch_value":"ECR_ScaleId",
        "condition":{"cur_ind":"Y"}
    }
},
{
    "idf_curated_qa.ecr_economic_data.t_ECR_SeriesType": {
        "join_condition": {"SeriesTypeId":"VendorSeriesTypeId"},
        "fetch_value":"ECR_SeriesTypeId",
        "condition":{"cur_ind":"Y"}
    }
},
{
    "idf_curated_qa.ecr_economic_data.t_ECR_UnitType": {
        "join_condition": {"UnitId":"VendorUnitId"},
        "fetch_value":"ECR_UnitTypeId",
        "condition":{"cur_ind":"Y"}
    }
}]
}