{
    "name": "idf_metadata_catalog_creation",
    "email_notifications": {
        "on_start": [
            "heartbeatscrumteam@spglobal.com"
        ],
        "on_success": [
            "heartbeatscrumteam@spglobal.com"
        ],
        "on_failure": [
            "heartbeatscrumteam@spglobal.com"
        ],
        "no_alert_for_skipped_runs": false
    },
    "webhook_notifications": {},
    "notification_settings": {
        "no_alert_for_skipped_runs": false,
        "no_alert_for_canceled_runs": false
    },
    "timeout_seconds": 0,
    "max_concurrent_runs": 1,
    "tasks": [
        {
            "task_key": "idf_catalog_creation_management",
            "run_if": "ALL_SUCCESS",
            "python_wheel_task": {
                "package_name": "main",
                "entry_point": "workflow",
                "parameters": [
                   "--action","generate_metadata",
                    "--config_file","/Volumes/idf_dev/rts_admin/metadata_vol/idf2_global_config.json",
                    "--volume_name","/Volumes/idf_dev/rts_admin/metadata_vol/",
                    "--processed_location","spr-idf-dev-platform-processed",
                    "--level","TABLE_ID",
                    "--level_value","120"
                ]
            },
            "job_cluster_key": "idf_catalog_creation_management_cluster",
            "libraries": [
                {
                    "whl": "s3://spr-idf-dev-platform-config/platform/whl/idf-metadata-utils-rest/main-0.1.0-py3-none-any.whl"
                }
            ],
            "timeout_seconds": 0,
            "email_notifications": {},
            "notification_settings": {
                "no_alert_for_skipped_runs": false,
                "no_alert_for_canceled_runs": false,
                "alert_on_last_attempt": false
            },
            "webhook_notifications": {}
        }
    ],
    "job_clusters": [
        {
            "job_cluster_key": "idf_catalog_creation_management_cluster",
            "new_cluster": {
                "spark_version": "14.3.x-scala2.12",
                "policy_id": "9C6308F703006584",
                "autoscale": {
                    "min_workers": 1,
                    "max_workers": 5
                }
            }
        }
    ],
    "tags": {
        "JobDescription": "Metadata",
        "JobOwner": "heartbeatscrumteam@spglobal.com",
        "RDPUserAppID": "BD45D2DA-3754-43C5-B9D0-82905227CCC0",
        "RDPUserApplicationName": "IDF - INTEGRATED DATA FACILITY PLATFORM"
    },
    "run_as": {
        "service_principal_name": "bef07164-f077-41f2-8c9c-a6c0923abbbe"
    }
}