{
  "name": "generate_tables_pipeline",
  "creator_user_name": "suraj_kannayyagari",
  "run_as_user_name": "f54475ba-0dad-41ee-8f33-87e56b5afe93",
  "run_as_owner": true,
  "settings": {
    "name": "generate_tables_pipeline",
    "email_notifications": {
      "on_failure": ["epsilonteam@spglobal.com", "aurorateam@spglobal.com"],
      "no_alert_for_skipped_runs": true
    },
    "webhook_notifications": {},
    "schedule": {
      "quartz_cron_expression": "0 0 2 * * ?",
      "timezone_id": "America/New_York",
      "pause_status": "PAUSED"
    },
    "timeout_seconds": 0,
    "max_concurrent_runs": 1,
    "tasks": [
      {
        "task_key": "GENERATE_TABLES_TASK",
        "notebook_task": {
          "notebook_path": "/Devops/mydata-curation-service-databricks/notebook/generate_tables",
          "base_parameters": {},
          "source": "WORKSPACE"
        },
        "libraries": [
          {
            "whl": "s3://spr-idf-{environment}-platform-config/{environment}/platform/whl/mydata-curation-service-databricks/my_data_incremental-0.1.0-py3-none-any.whl"
          }
        ],
        "timeout_seconds": 0,
        "email_notifications": {
          "on_failure": ["epsilonteam@spglobal.com", "aurorateam@spglobal.com"]
        },
        "notification_settings": {
          "no_alert_for_skipped_runs": false,
          "no_alert_for_canceled_runs": false,
          "alert_on_last_attempt": false
        },
        "job_cluster_key": "PHOENIX_ELT_CLUSTER"
      }
    ],
    "job_clusters": [
      {
        "job_cluster_key": "PHOENIX_ELT_CLUSTER",
        "new_cluster": {
          "policy_id": "001C5B45453A4E04"
        }
      }
    ],
    "tags": {
      "JobDescription": "generate_tables_pipeline-databricks",
      "JobOwner": "epsilon@spglobal.com",
      "RDPUserApplicationName": "generate_tables_pipeline-databricks",
      "RDPUserAppID": "ASP0013605"
    },
    "format": "MULTI_TASK",
    "access_control_list": [
      {
        "user_name": "erich_zimmerman",
        "permission_level": "CAN_MANAGE"
      },
      {
        "user_name": "suraj_kannayyagari",
        "permission_level": "CAN_MANAGE"
      },
      {
        "user_name": "merla_narendra",
        "permission_level": "CAN_MANAGE"
      }
    ]
  }
}
