{
  "name": "",
  "creator_user_name": "",
  "run_as_user_name": "",
  "run_as_owner": true,
  "settings": {
    "name": "APD BLS ECON Zero Day",
    "email_notifications": {
      "on_failure": ["dynamos@spglobal.com"],
      "no_alert_for_skipped_runs": true
  },    
  "webhook_notifications": {},
  "timeout_seconds": 21600,
  "max_concurrent_runs": 1,
  "tasks": [ 
    {
      "task_key": "load_bls_data_to_apd",
      "run_if": "ALL_SUCCESS",
      "python_wheel_task": {
        "package_name": "etl_framework",
        "entry_point": "apd_ingestion_framework",
        "parameters": [
            "--pipeline_name", "bls_batch_job",
            "--env", "{environment}",
            "--process_name", "BLS_JSON_TO_APD"
        ]
      },
      "job_cluster_key": "BLS_ZERO_DAY_CLUSTER",
      "libraries": [
        {
          "whl": "s3://spr-idf-{environment}-platform-config/platform/whl/elt-curation-framework-databricks/etl_framework-0.1.0-py3-none-any.whl"
        }
      ],
      "timeout_seconds": 18000,
      "retry": {
          "retry_on_timeout": false,
          "max_retries": 2,
          "min_retry_interval_millis": 300000
      },
      "email_notifications": {
        "on_failure": [
          "dynamos@spglobal.com"
        ]
      },
      "notification_settings": {
        "no_alert_for_skipped_runs": false,
        "no_alert_for_canceled_runs": false,
        "alert_on_last_attempt": true
      }
    }

  ],
    "job_clusters": [
      {
        "job_cluster_key": "BLS_ZERO_DAY_CLUSTER",
        "new_cluster": {
            "policy_id": "9C6308F703006581"
        }
      }
    ],
    "tags": {
        "JobDescription": "BLS Econ Zero Day Load to APD",
        "JobOwner": "dynamos@spglobal.com",
        "RDPUserApplicationName": "elt-curation-framework-databricks",
        "RDPUserAppID": "54E74411-C3E1-B514-8EF5-7BADC00131F8"
    },
    "format": "MULTI_TASK"
    }
}
