{
    "job_id": "",
    "creator_user_name": "",
    "run_as_user_name": "",
    "run_as_owner": true,
    "settings": {
        "name": "ihs_ecr_economic_data_optimization",
        "email_notifications": {
            "on_failure": [
                "dynamos@spglobal.com"
            ],
            "no_alert_for_skipped_runs": true
        },
        "webhook_notifications": {},
        "schedule": {
            "quartz_cron_expression": "00 50 20 ? * Sun",
            "timezone_id": "America/New_York",
            "pause_status": "UNPAUSED"
        },
        "timeout_seconds": 0,
        "max_concurrent_runs": 5,
        "tasks": [            
            {
                "task_key": "OPTIMIZE_IHS_ECONOMIC_TABLES",
                "notebook_task": {
                    "notebook_path": "/Devops/elt-curation-framework-databricks/notebook/system/ihs_ecr_economic_data/optimize",
                    "source": "WORKSPACE"
                },
                "timeout_seconds": 0,
                "email_notifications": {
                    "on_failure": [
                        "dynamos@spglobal.com"
                    ]
                },
                "notification_settings": {
                    "no_alert_for_skipped_runs": false,
                    "no_alert_for_canceled_runs": false,
                    "alert_on_last_attempt": false
                },
                "job_cluster_key": "OPTIMIZE_IHS_ECONOMIC_TABLES"
            }
        ],
        "job_clusters": [
            {
                "job_cluster_key": "OPTIMIZE_IHS_ECONOMIC_TABLES",
                "new_cluster": {
                    "policy_id": "9C6308F703006581"
                }
            }
        ],
        "tags": {
            "JobDescription": "IHS ECR ECONOMIC - OPTIMIZE TABLES",
            "JobOwner": "dynamos@spglobal.com",
            "RDPUserApplicationName": "OPTIMIZE_IHS_ECONOMIC_TABLES",
            "RDPUserAppID": "54E74411-C3E1-B514-8EF5-7BADC00131F8"
        },
        "format": "MULTI_TASK"
    }
}