{
    "job_id": "",
    "creator_user_name": "",
    "run_as_user_name": "",
    "run_as_owner": true,
    "settings": {
        "name": "ihs_ecr_economic_data_update_job_process_control",
        "email_notifications": {
            "on_failure": [
                "dynamos@spglobal.com"
            ],
            "no_alert_for_skipped_runs": true
        },
        "webhook_notifications": {},
        "schedule": {
            "quartz_cron_expression": "15 0 10 15,16,17,18,19,20 * ?",
            "timezone_id": "America/New_York",
            "pause_status": "UNPAUSED"
        },
        "timeout_seconds": 0,
        "max_concurrent_runs": 5,
        "tasks": [
            {
                "task_key": "JOB_START_METADATA",
                "notebook_task": {
                    "notebook_path": "/Devops/elt-curation-framework-databricks/notebook/system/ihs_ecr_economic_data/update_job_process_control",
                    "base_parameters": {
                        "job_id": "5",
                        "job_run_id": "2",
                        "process_id": "2",
                        "process_run_id": "2"
                    },
                    "source": "WORKSPACE"
                },
                "timeout_seconds": 0,
                "email_notifications": {
                    "on_failure": [
                        "dynamos@spglobal.com"
                    ]
                },
                "notification_settings": {
                    "no_alert_for_skipped_runs": false,
                    "no_alert_for_canceled_runs": false,
                    "alert_on_last_attempt": false
                },
                "job_cluster_key": "IHS_ECR_ECONOMIC_DATA"
            }
        ],
        "job_clusters": [
            {
                "job_cluster_key": "IHS_ECR_ECONOMIC_DATA",
                "new_cluster": {
                    "policy_id": "9C6308F703006581"
                }
            }
        ],
        "tags": {
            "JobDescription": "elt-curation-framework-databricks",
            "JobOwner": "dynamos@spglobal.com",
            "RDPUserAppID": "ASP0013605",
			"RDPUserApplicationName": "elt-curation-framework-databricks"
        },
        "format": "MULTI_TASK"
    }
}