{
    "job_id": "",
    "creator_user_name": "",
    "run_as_user_name": "",
    "run_as_owner": true,
    "settings": {
        "name": "ihs_ecr_economic_data_ecr_bank",
        "email_notifications": {
            "on_failure": [
                "dynamos@spglobal.com"
         ],
            "no_alert_for_skipped_runs": true
        },
        "webhook_notifications": {},
        "schedule": {
            "quartz_cron_expression": "00 10 21 ? * Sat",
            "timezone_id": "America/New_York",
            "pause_status": "UNPAUSED"
        },
        "timeout_seconds": 0,
        "max_concurrent_runs": 5,
        "tasks": [
            {
                "task_key": "JOB_START_ECR_BANK",
                "notebook_task": {
                "notebook_path": "/Devops/elt-curation-framework-databricks/notebook/system/ihs_ecr_economic_data/1_job_control",
                "base_parameters": {
                    "table_name": "ecr_bank",
                    "job_operation": "start"
            },
                    "source": "WORKSPACE"
                },
                "timeout_seconds": 0,
                "email_notifications": {
                    "on_failure": [
                        "dynamos@spglobal.com"
                    ]
                },
                "notification_settings": {
                    "no_alert_for_skipped_runs": false,
                    "no_alert_for_canceled_runs": false,
                    "alert_on_last_attempt": false
                },
                "job_cluster_key": "IHS_ECR_ECONOMIC_DATA"
            },            
            {
                "task_key": "PROCESS_START_ECR_BANK",
                "depends_on": [
                {
                    "task_key": "JOB_START_ECR_BANK"
                }
                ],
                "run_if": "ALL_SUCCESS",
                "notebook_task": {
                "notebook_path": "/Devops/elt-curation-framework-databricks/notebook/system/ihs_ecr_economic_data/2_process_control",
                "base_parameters": {
                    "table_name": "ecr_bank",
                    "process_operation": "start"           
                 },
                "source": "WORKSPACE"
                },
                "timeout_seconds": 0,
                "email_notifications": {},
                "notification_settings": {
                "no_alert_for_skipped_runs": false,
                "no_alert_for_canceled_runs": false,
                "alert_on_last_attempt": false
                },
                "job_cluster_key": "IHS_ECR_ECONOMIC_DATA"
            },            
            {
                "task_key": "RAW_TO_CURATION_ECR_BANK",
                "depends_on": [
                {
                    "task_key": "PROCESS_START_ECR_BANK"
                }
                ],
                "run_if": "ALL_SUCCESS",
                "notebook_task": {
                "notebook_path": "/Devops/elt-curation-framework-databricks/notebook/system/ihs_ecr_economic_data/3_raw_to_curation_data_load",
                "base_parameters": {
                    "table_name": "ecr_bank"
          },
                "source": "WORKSPACE"
                },
                "timeout_seconds": 0,
                "email_notifications": {},
                "notification_settings": {
                "no_alert_for_skipped_runs": false,
                "no_alert_for_canceled_runs": false,
                "alert_on_last_attempt": false
                },
                "job_cluster_key": "IHS_ECR_ECONOMIC_DATA"
            },
            {
                "task_key": "PROCESS_END_ECR_BANK",
                "depends_on": [
                {
                    "task_key": "RAW_TO_CURATION_ECR_BANK"
                }
                ],
                "run_if": "ALL_SUCCESS",
                "notebook_task": {
                "notebook_path": "/Devops/elt-curation-framework-databricks/notebook/system/ihs_ecr_economic_data/2_process_control",
                "base_parameters": {
                "table_name": "ecr_bank",
                "process_operation": "end",
                "process_status": "COMPLETED"
          },
                "source": "WORKSPACE"
                },
                "timeout_seconds": 0,
                "email_notifications": {},
                "notification_settings": {
                "no_alert_for_skipped_runs": false,
                "no_alert_for_canceled_runs": false,
                "alert_on_last_attempt": false
                },
                "job_cluster_key": "IHS_ECR_ECONOMIC_DATA"
            },
            {
                "task_key": "JOB_END_ECR_BANK",
                "depends_on": [
                {
                    "task_key": "PROCESS_END_ECR_BANK"
                }
                ],
                "run_if": "ALL_SUCCESS",
                "notebook_task": {
                "notebook_path": "/Devops/elt-curation-framework-databricks/notebook/system/ihs_ecr_economic_data/1_job_control",
                "base_parameters": {
                    "table_name": "ecr_bank",
                    "job_operation": "end",
                    "job_status": "COMPLETED"
          },
                "source": "WORKSPACE"
                },
                "timeout_seconds": 0,
                "email_notifications": {},
                "notification_settings": {
                "no_alert_for_skipped_runs": false,
                "no_alert_for_canceled_runs": false,
                "alert_on_last_attempt": false
                },
                "job_cluster_key": "IHS_ECR_ECONOMIC_DATA"
            }
        ],
        "job_clusters":[
            {
               "job_cluster_key":"IHS_ECR_ECONOMIC_DATA",
               "new_cluster":{
                  "policy_id":"9C6308F703006581"
               }
            }
         ],
        "tags": {
            "JobDescription": "IHS ECR ECONOMIC DATA - ECR BANK",
            "JobOwner": "dynamos@spglobal.com",
            "RDPUserAppID": "ASP0013605",
			"RDPUserApplicationName": "elt-curation-framework-databricks"
        },    
        "format": "MULTI_TASK"
    }
}
