[
  {
    "s3_metadata_file": "s3://spr-idf-dev-platform-config/platform/config/uspf/t_dc_transaction_comments.json",
    "processor_name": "t_dc_transaction_comments_load",
    "catalog": "idf_curated_dev",
    "schema": "uspf"
  },
  {
    "s3_metadata_file": "s3://spr-idf-dev-platform-config/platform/config/uspf/t_dc_transaction_schedules.json",
    "processor_name": "t_dc_transaction_schedules_load",
    "catalog": "idf_curated_dev",
    "schema": "uspf"
  },
  {
    "s3_metadata_file": "s3://spr-idf-dev-platform-config/platform/config/uspf/t_dc_transaction_dp_load.json",
    "processor_name": "t_dc_transaction_dp_load",
    "catalog": "idf_curated_dev",
    "schema": "uspf"
  }
]
