{    
    "target_to_source_mapping": {
      "PHOENIX_ID": "PHOENIX_ID",
      "PHOENIX_PLAN_ID": "PHOENIX_PLAN_ID",
      "SECTOR_NAME": "SECTOR_NAME",
      "PER_TYPE_NAME": "PER_TYPE_NAME",
      "MEASURE_DATE": "MEASURE_DATE",
      "PERIOD_END_DATE": "PERIOD_END_DATE",
      "PERIOD_MONTHS": "PERIOD_MONTHS",
      "STATEMENT_BASIS_NAME": "STATEMENT_BASIS_NAME",
      "ACCOUNT_BASIS_NAME": "ACCOUNT_BASIS_NAME",
      "APR_ACCEPTABLE": "APR_ACCEPTABLE",
      "SOURCE_FILE_CREATE_DATE": "SOURCE_FILE_CREATE_DATE",
      "SRC_DE_UNIQ_ID_TEXT": "SRC_DE_UNIQ_ID_TEXT",
      "REPORT_ID": "REPORT_ID",
      "SCHEDULE_NAME": "SCHEDULE_NAME",
      "SCHEDULE_VALUE": "SCHEDULE_VALUE",
      "ACTION": "ACTION",
      "SCHEDULE_FRMLA_TEXT": "SCHEDULE_FRMLA_TEXT",
      "VALUE": "VALUE",
      "ORDER_ID": "ORDER_ID"
    },
    "keys": "SRC_DE_UNIQ_ID_TEXT,PHOENIX_ID,REPORT_ID",
    "partition_order": "PERIOD_END_DATE,SECTOR_NAME",
    "audit_columns": [
      "actv_ind",
      "create_usr_id",
      "last_upd_usr_id",
      "create_dttm", 
      "last_upd_dttm",
      "run_id"
    ],
    "ignorable_columns": "",
    "raw_catalog": "idf_raw_dev",
    "raw_schema": "uspf",
    "raw_table": "t_dc_transaction_schedules",
    "curated_catalog": "idf_curated_dev",
    "curated_schema": "uspf",
    "curated_table": "t_dc_transaction_schedules",
    "curation_template": "scd_type_1"
  }