{    
    "target_to_source_mapping": {
      "PHOENIX_ID": "PHOENIX_ID",
      "SECTOR": "SECTOR",
      "ORG_PRIMARY_NAME": "ORG_PRIMARY_NAME",
      "STATE": "STATE",
      "SOURCE_FILE_CREATE_DATE": "SOURCE_FILE_CREATE_DATE",
      "COUNTRY_CODE": "COUNTRY_CODE",
      "CURRENCY_CODE": "CURRENCY_CODE",
      "DEAL_NAME_DESCRIPTOR": "DEAL_NAME_DESCRIPTOR",
      "FIN_REVENUE_TYPE": "FIN_REVENUE_TYPE",
      "FIN_REVENUE_SUBTYPE": "FIN_REVENUE_SUBTYPE",
      "FYE": "FYE"
    },
    "keys": "PHOENIX_ID",
    "partition_order": "SECTOR",
    "audit_columns": [
      "actv_ind",
      "create_usr_id",
      "last_upd_usr_id",
      "create_dttm", 
      "last_upd_dttm",
      "run_id"
    ],
    "ignorable_columns": "",
    "raw_catalog": "idf_raw_dev",
    "raw_schema": "uspf",
    "raw_table": "t_dc_transaction_org",
    "curated_catalog": "idf_curated_dev",
    "curated_schema": "uspf",
    "curated_table": "t_dc_transaction_org",
    "curation_template": "scd_type_1"
  }