  [{"FINANCIAL_SECTOR_NAME": "CHARTER SCHOOL", "Phoenix_Sector_ID": 4238, "Financial_Revenue_Type": false, "Financial_Revenue_Sub_Type": false, "Deal_Name_Check": false},
  {"FINANCIAL_SECTOR_NAME": "EDUCATION Enterprises", "Phoenix_Sector_ID": 4261, "Financial_Revenue_Type": false, "Financial_Revenue_Sub_Type": false, "Deal_Name_Check": false},
  {"FINANCIAL_SECTOR_NAME": "EDUCATION Non-Profit", "Phoenix_Sector_ID": 4262, "Financial_Revenue_Type": false, "Financial_Revenue_Sub_Type": false, "Deal_Name_Check": false},
  {"FINANCIAL_SECTOR_NAME": "G O Municipality & County", "Phoenix_Sector_ID": 5379, "Financial_Revenue_Type": false, "Financial_Revenue_Sub_Type": false, "Deal_Name_Check": false},
  {"FINANCIAL_SECTOR_NAME": "G O School District", "Phoenix_Sector_ID": 5371, "Financial_Revenue_Type": false, "Financial_Revenue_Sub_Type": false, "Deal_Name_Check": false},
  {"FINANCIAL_SECTOR_NAME": "G O State", "Phoenix_Sector_ID": 5369, "Financial_Revenue_Type": false, "Financial_Revenue_Sub_Type": false, "Deal_Name_Check": false},
  {"FINANCIAL_SECTOR_NAME": "HEALTH CARE Acute", "Phoenix_Sector_ID": 4249, "Financial_Revenue_Type": false, "Financial_Revenue_Sub_Type": false, "Deal_Name_Check": false},
  {"FINANCIAL_SECTOR_NAME": "HEALTH CARE Life Care", "Phoenix_Sector_ID": 4250, "Financial_Revenue_Type": false, "Financial_Revenue_Sub_Type": false, "Deal_Name_Check": false},
  {"FINANCIAL_SECTOR_NAME": "HOUSING Affordable Housing & Privatized Military", "Phoenix_Sector_ID": 4268, "Financial_Revenue_Type": false, "Financial_Revenue_Sub_Type": false, "Deal_Name_Check": true},
  {"FINANCIAL_SECTOR_NAME": "HOUSING Capital Fund", "Phoenix_Sector_ID": 4255, "Financial_Revenue_Type": false, "Financial_Revenue_Sub_Type": false, "Deal_Name_Check": true},
  {"FINANCIAL_SECTOR_NAME": "HOUSING Federally Enhanced Housing Security", "Phoenix_Sector_ID": 4269, "Financial_Revenue_Type": false, "Financial_Revenue_Sub_Type": false, "Deal_Name_Check": true},
  {"FINANCIAL_SECTOR_NAME": "HOUSING HFA/ SELO ICR", "Phoenix_Sector_ID": 5401, "Financial_Revenue_Type": false, "Financial_Revenue_Sub_Type": false, "Deal_Name_Check": true},
  {"FINANCIAL_SECTOR_NAME": "HOUSING Multi-Family Pool", "Phoenix_Sector_ID": 4271, "Financial_Revenue_Type": false, "Financial_Revenue_Sub_Type": false, "Deal_Name_Check": true},
  {"FINANCIAL_SECTOR_NAME": "HOUSING Public Housing Authority ICR", "Phoenix_Sector_ID": 4272, "Financial_Revenue_Type": false, "Financial_Revenue_Sub_Type": false, "Deal_Name_Check": true},
  {"FINANCIAL_SECTOR_NAME": "HOUSING Whole Loan", "Phoenix_Sector_ID": 4273, "Financial_Revenue_Type": false, "Financial_Revenue_Sub_Type": false, "Deal_Name_Check": true},
  {"FINANCIAL_SECTOR_NAME": "HUMAN SERVICE PROVIDER", "Phoenix_Sector_ID": 4245, "Financial_Revenue_Type": false, "Financial_Revenue_Sub_Type": false, "Deal_Name_Check": false},
  {"FINANCIAL_SECTOR_NAME": "LONG-TERM MUNICIPAL POOL", "Phoenix_Sector_ID": 4260, "Financial_Revenue_Type": true, "Financial_Revenue_Sub_Type": false, "Deal_Name_Check": true},
  {"FINANCIAL_SECTOR_NAME": "Off Balance Sheet Housing", "Phoenix_Sector_ID": 4264, "Financial_Revenue_Type": false, "Financial_Revenue_Sub_Type": false, "Deal_Name_Check": false},
  {"FINANCIAL_SECTOR_NAME": "PENSION FUND", "Phoenix_Sector_ID": 6697, "Financial_Revenue_Type": false, "Financial_Revenue_Sub_Type": false, "Deal_Name_Check": false},
  {"FINANCIAL_SECTOR_NAME": "PRIORITY LIEN", "Phoenix_Sector_ID": 4242, "Financial_Revenue_Type": true, "Financial_Revenue_Sub_Type": true, "Deal_Name_Check": true},
  {"FINANCIAL_SECTOR_NAME": "PUBLIC POWER", "Phoenix_Sector_ID": 4244, "Financial_Revenue_Type": true, "Financial_Revenue_Sub_Type": true, "Deal_Name_Check": false},
  {"FINANCIAL_SECTOR_NAME": "PUBLIC POWER Cooperative", "Phoenix_Sector_ID": 4243, "Financial_Revenue_Type": false, "Financial_Revenue_Sub_Type": false, "Deal_Name_Check": false},
  {"FINANCIAL_SECTOR_NAME": "SHORT TERM DEBT", "Phoenix_Sector_ID": 4265, "Financial_Revenue_Type": false, "Financial_Revenue_Sub_Type": false, "Deal_Name_Check": false},
  {"FINANCIAL_SECTOR_NAME": "SIMPLE COVERAGE", "Phoenix_Sector_ID": 4275, "Financial_Revenue_Type": false, "Financial_Revenue_Sub_Type": false, "Deal_Name_Check": true},
  {"FINANCIAL_SECTOR_NAME": "SPECIAL ASSESSMENT", "Phoenix_Sector_ID": 4276, "Financial_Revenue_Type": true, "Financial_Revenue_Sub_Type": false, "Deal_Name_Check": true},
  {"FINANCIAL_SECTOR_NAME": "State Withholding-Intercept Program", "Phoenix_Sector_ID": 4266, "Financial_Revenue_Type": false, "Financial_Revenue_Sub_Type": false, "Deal_Name_Check": false},
  {"FINANCIAL_SECTOR_NAME": "TRANSP Grants", "Phoenix_Sector_ID": 4267, "Financial_Revenue_Type": false, "Financial_Revenue_Sub_Type": false, "Deal_Name_Check": true},
  {"FINANCIAL_SECTOR_NAME": "TRANSP Infrastructure Enterprise", "Phoenix_Sector_ID": 4241, "Financial_Revenue_Type": true, "Financial_Revenue_Sub_Type": false, "Deal_Name_Check": true},
  {"FINANCIAL_SECTOR_NAME": "WATER SEWER", "Phoenix_Sector_ID": 5417, "Financial_Revenue_Type": true, "Financial_Revenue_Sub_Type": true, "Deal_Name_Check": false},
  {"FINANCIAL_SECTOR_NAME": "TAX INCREMENT", "Phoenix_Sector_ID": 5415, "Financial_Revenue_Type": true, "Financial_Revenue_Sub_Type": true, "Deal_Name_Check": true},
  {"FINANCIAL_SECTOR_NAME": "PROJECT AREA", "Phoenix_Sector_ID": 5974, "Financial_Revenue_Type": false, "Financial_Revenue_Sub_Type": false, "Deal_Name_Check": false},
  {"FINANCIAL_SECTOR_NAME": "PLAN LEVEL", "Phoenix_Sector_ID": 5375, "Financial_Revenue_Type": false, "Financial_Revenue_Sub_Type": false, "Deal_Name_Check": false}
]
