{
    "schema": [
        {
            "name": "run_id", 
            "type": "string", 
            "nullable": true
        },
        {
            "name": "curated_table", 
            "type": "string", 
            "nullable": true
        },
        {
            "name": "raw_table", 
            "type": "string", 
            "nullable": true
        },
        {
            "name": "raw_processed_ts", 
            "type": "timestamp", 
            "nullable": true
        },
        {
            "name": "status", 
            "type": "string", 
            "nullable": true
        },
        {
            "name": "started_at", 
            "type": "timestamp", 
            "nullable": true
        },
        {
            "name": "completed_at", 
            "type": "timestamp", 
            "nullable": true
        },
        {
            "name": "raw_incr_count", 
            "type": "long", 
            "nullable": true
        },
        {
            "name": "raw_incr_key_count", 
            "type": "long", 
            "nullable": true
        },
        {
            "name": "raw_full_key_count", 
            "type": "long", 
            "nullable": true
        },
        {
            "name": "curated_full_count", 
            "type": "long", 
            "nullable": true
        },
        {
            "name": "updated_rows", 
            "type": "long", 
            "nullable": true
        },
        {
            "name": "inserted_rows", 
            "type": "long", 
            "nullable": true
        },
        {
            "name": "affected_rows", 
            "type": "long", 
            "nullable": true
        }
    ],
    "properties": {
        "path": "s3://spr-idf-{replace}-platform-engineered/catalog/uspf/run_log_v1",
        "delta.checkpoint.writeStatsAsJson": "false",
        "delta.checkpoint.writeStatsAsStruct": "true",
        "delta.columnMapping.mode": "name",
        "delta.enableChangeDataFeed": "true",
        "delta.feature.changeDataFeed": "supported",
        "delta.feature.invariants": "supported",
        "delta.feature.allowColumnDefaults": "supported"
    }
}