{
    "schema": [
        {
            "name": "PHOENIX_ID", 
            "type": "string", 
            "nullable": true
        },
        {
            "name": "SECTOR", 
            "type": "string", 
            "nullable": true
        },
        {
            "name": "ORG_PRIMARY_NAME", 
            "type": "string", 
            "nullable": true
        },
        {
            "name": "STATE", 
            "type": "string", 
            "nullable": true
        },
        {
            "name": "SOURCE_FILE_CREATE_DATE", 
            "type": "string", 
            "nullable": true
        },
        {
            "name": "COUNTRY_CODE", 
            "type": "string", 
            "nullable": true
        },
        {
            "name": "CURRENCY_CODE", 
            "type": "string", 
            "nullable": true
        },
        {
            "name": "DEAL_NAME_DESCRIPTOR", 
            "type": "string", 
            "nullable": true
        },
        {
            "name": "FIN_REVENUE_TYPE", 
            "type": "string", 
            "nullable": true
        },
        {
            "name": "FIN_REVENUE_SUBTYPE", 
            "type": "string", 
            "nullable": true
        },
        {
            "name": "FYE", 
            "type": "string", 
            "nullable": true
        },
        {
            "name": "actv_ind", 
            "type": "string", 
            "nullable": true
        },
        {
            "name": "create_usr_id", 
            "type": "string", 
            "nullable": true
        },
        {
            "name": "last_upd_usr_id", 
            "type": "string", 
            "nullable": true
        },
        {
            "name": "create_dttm", 
            "type": "timestamp", 
            "nullable": true
        },
        {
            "name": "last_upd_dttm", 
            "type": "timestamp", 
            "nullable": true
        },
        {
            "name": "run_id", 
            "type": "long", 
            "nullable": true
        },
        {
            "name": "record_hash", 
            "type": "string", 
            "nullable": true
        }
    ],
    "properties": {
        "path": "s3://spr-idf-{replace}-platform-engineered/catalog/uspf/t_dc_transaction_org_v1",
        "delta.checkpoint.writeStatsAsJson": "false",
        "delta.checkpoint.writeStatsAsStruct": "true",
        "delta.columnMapping.mode": "name",
        "delta.enableChangeDataFeed": "true",
        "delta.feature.changeDataFeed": "supported",
        "delta.feature.invariants": "supported",
        "delta.feature.allowColumnDefaults": "supported"
    }
}