{
    "schema": [
        {
            "name": "PHOENIX_ID", 
            "type": "string", 
            "nullable": true
        },
        {
            "name": "PHOENIX_PLAN_ID",
            "type": "string",
            "nullable": true
        },
        {
            "name": "SECTOR_NAME",
            "type": "string",
            "nullable": true
        },
        {
            "name": "CORE_ORG_ID",
            "type": "string",
            "nullable": true
        },
        {
            "name": "PER_TYPE_NAME",
            "type": "string",
            "nullable": true
        },
        {
            "name": "MEASURE_DATE",
            "type": "string",
            "nullable": true
        },
        {
            "name": "PERIOD_END_DATE",
            "type": "string",
            "nullable": true
        },
        {
            "name": "PERIOD_MONTHS",
            "type": "string",
            "nullable": true
        },
        {
            "name": "STATEMENT_BASIS_NAME",
            "type": "string",
            "nullable": true
        },
        {
            "name": "ACCOUNT_BASIS_NAME",
            "type": "string",
            "nullable": true
        },
        {
            "name": "APR_ACCEPTABLE",
            "type": "string",
            "nullable": true
        },
        {
            "name": "SOURCE_FILE_CREATE_DATE",
            "type": "string",
            "nullable": true
        },
        {
            "name": "SRC_DE_UNIQ_ID_TEXT",
            "type": "string",
            "nullable": true
        },
        {
            "name": "DP_VALUE",
            "type": "string",
            "nullable": true
        },
        {
            "name": "REPORT_ID",
            "type": "string",
            "nullable": true
        },
        {
            "name": "DELETE_FLAG",
            "type": "string",
            "nullable": true
        },
        {
            "name": "ACTION",
            "type": "string",
            "nullable": true
        },
        {
            "name": "COLLECTION_DENOM",
            "type": "string",
            "nullable": true
        },
        {
            "name": "actv_ind",
            "type": "string",
            "nullable": true
        },
        {
            "name": "create_usr_id",
            "type": "string",
            "nullable": true
        },
        {
            "name": "last_upd_usr_id",
            "type": "string",
            "nullable": true
        },
        {
            "name": "create_dttm",
            "type": "timestamp",
            "nullable": true
        },
        {
            "name": "last_upd_dttm",
            "type": "timestamp",
            "nullable": true
        },
        {
            "name": "run_id",
            "type": "long",
            "nullable": true
        },
        {
            "name": "record_hash",
            "type": "string",
            "nullable": true
        }
    ],
    "properties": {
        "path": "s3://spr-idf-{replace}-platform-engineered/catalog/uspf/t_dp_transaction_dp_load_v1",
        "delta.checkpoint.writeStatsAsJson": "false",
        "delta.checkpoint.writeStatsAsStruct": "true",
        "delta.columnMapping.mode": "name",
        "delta.enableChangeDataFeed": "true",
        "delta.feature.changeDataFeed": "supported",
        "delta.feature.invariants": "supported",
        "delta.feature.allowColumnDefaults": "supported"
    }
}