{
    "schema": [
        {
            "name": "finorg_id",
            "type": "int",
            "nullable": true
        },
        {
            "name": "phoenix_entity_id",
            "type": "int",
            "nullable": true
        },
        {
            "name": "START_DTTM",
            "type": "string",
            "nullable": true
        },
        {
            "name": "END_DTTM",
            "type": "string",
            "nullable": true
        },
        {
            "name": "CUR_IND",
            "type": "string",
            "nullable": true
        },
        {
            "name": "ACTV_IND",
            "type": "string",
            "nullable": true
        },
        {
            "name": "CREATE_USR_ID",
            "type": "string",
            "nullable": true
        },
        {
            "name": "CREATE_DTTM",
            "type": "string",
            "nullable": true
        },
        {
            "name": "LAST_UPD_USR_ID",
            "type": "string",
            "nullable": true
        },
        {
            "name": "LAST_UPD_DTTM",
            "type": "string",
            "nullable": true
        }
    ],
    "properties": {
        "path": "s3://spr-idf-{replace}-platform-engineered/catalog/uspf/t_org_finorgid_phoenixid_map_v1",
        "delta.checkpoint.writeStatsAsJson": "false",
        "delta.checkpoint.writeStatsAsStruct": "true",
        "delta.columnMapping.mode": "name",
        "delta.enableChangeDataFeed": "true",
        "delta.feature.changeDataFeed": "supported",
        "delta.feature.invariants": "supported",
        "delta.feature.allowColumnDefaults": "supported"
    }
}
