{
  "process_id":1,
  "job_id":1,
  "target_to_source_mapping":{"VendorBankId": "BankId", "VendorModificationTime": "ModificationTime", "Name": "Name", "OrderUnderParent": "OrderUnderParent", "ParentVendorId": "ParentId"},
  "table_name":"ecr_bank",
  "keys":"VendorBankId",
  "surrogate_key":"ecr_bankid",
  "ignorable_columns":"",
  "audit_columns" : ["create_usr_id","last_upd_usr_id","cur_ind","actv_ind","start_dttm","end_dttm","create_dttm","last_upd_dttm","start_date","end_date"],
  "raw_table":"v_ecrbank",
  "curated_table_path":"s3://spr-idf-dev-platform-engineered/catalog/ecr_economic_data/ecr_bank"
}