{
  "name": "data_migration_full",
  "creator_user_name": "suraj_kannayyagari",
  "run_as_user_name": "f54475ba-0dad-41ee-8f33-87e56b5afe93",
  "run_as_owner": true,
  "settings": {
    "name": "data_migration_full",
    "email_notifications": {
      "on_failure": ["epsilonteam@spglobal.com", "aurorateam@spglobal.com"],
      "no_alert_for_skipped_runs": true
    },    
    "webhook_notifications": {},
    "timeout_seconds": 0,
    "trigger": {
        "pause_status": "UNPAUSED",
        "file_arrival": {
          "url": "s3://spr-idf-{environment}-platform-stage/data/phoenix/mydata_elt/{environment}/kafka_messages/",
          "min_time_between_triggers_seconds": 120,
          "wait_after_last_change_seconds": 0
        }
    },
    "max_concurrent_runs": 1,
  "tasks": [
    {
      "task_key": "JOB_START_PHOENIX",
      "run_if": "ALL_SUCCESS",
      "python_wheel_task": {
        "package_name": "my_data_incremental",
        "entry_point": "mydata_incremental",
        "parameters": [
            "{environment}",
            "--process_mode", "unprocessed_files",
            "--force_reprocess",true,
            "--date", "",
            "--process_date", "",
            "--process_last_n_days", "1",
            "--dry_run",false,
            "--verbose",false,
            "--show_all_messages",false,
            "--s3_bucket", "iflux-filestore",
            "--output_dir", "{environment}/phoenixdp-filestore/curated-data/"
        ]
      },
      "job_cluster_key": "PHOENIX_ELT_CLUSTER",
      "libraries": [
        {
          "whl": "s3://spr-idf-{environment}-platform-config/platform/whl/mydata-curation-service-databricks/my_data_incremental-0.1.0-py3-none-any.whl"
        },
        {
          "whl": "s3://spr-idf-{environment}-platform-config/platform/whl/elt-linking-service/elt_linking_service-0.0.1-py3-none-any.whl"
        }
      ],
      "timeout_seconds": 0,
      "email_notifications": {
        "on_failure": [
          "epsilonteam@spglobal.com",
          "aurorateam@spglobal.com"
        ]
      },
      "notification_settings": {
        "no_alert_for_skipped_runs": false,
        "no_alert_for_canceled_runs": false,
        "alert_on_last_attempt": false
      }
    }
  ],
    "job_clusters": [
      {
        "job_cluster_key": "PHOENIX_ELT_CLUSTER",
        "new_cluster": {
          "policy_id": "001C5B45453A4E04"
        }
      }
    ],
    "tags": {
      "JobDescription": "phoenix_pipeline-databricks",
      "JobOwner": "epsilon@spglobal.com",
      "RDPUserApplicationName": "phoenix_pipeline-databricks",
      "RDPUserAppID": "ASP0013605"
    },
    "format": "MULTI_TASK",
    "access_control_list": [
      {
        "user_name": "erich_zimmerman",
        "permission_level": "CAN_MANAGE"
      },
      {
        "user_name": "suraj_kannayyagari",
        "permission_level": "CAN_MANAGE"
      },
      {
        "user_name": "merla_narendra",
        "permission_level": "CAN_MANAGE"
      }
    ]
  }
}
