{
    "name": "phoenix_id_mapping_creator",
    "creator_user_name": "suraj_kannayyagari",
    "run_as_user_name": "f54475ba-0dad-41ee-8f33-87e56b5afe93",
    "run_as_owner": true,
    "settings": {
        "name": "phoenix_id_mapping_creator",
        "email_notifications": {
            "on_failure": [
                "epsilonteam@spglobal.com",
                "aurorateam@spglobal.com"
            ],
            "no_alert_for_skipped_runs": true
        },
        "webhook_notifications": {},
        "timeout_seconds": 0,
        "max_concurrent_runs": 1,
        "tasks": [
            {
                "task_key": "create_phoenix_id_mapping_table",
                "run_if": "ALL_SUCCESS",
                "python_wheel_task": {
                    "package_name": "my_data_incremental",
                    "entry_point": "mydata_table_creator",
                    "parameters": [
                        "{environment}",
                        "--catalog",
                        "idf_curated",
                        "--schema",
                        "uspf",
                        "--table",
                        "t_org_finorgid_phoenixid_map",
                        "--fmt",
                        "csv",
                        "--write_mode",
                        "overwrite",
                        "--enforce_schema",
                        true,
                        "--type",
                        "data",
                        "--options",
                        ""
                    ]
                },
                "job_cluster_key": "PHOENIX_ELT_CLUSTER",
                "libraries": [
                    {
                        "whl": "s3://spr-idf-{environment}-platform-config/platform/whl/mydata-curation-service-databricks/my_data_incremental-0.1.0-py3-none-any.whl"
                    }
                ],
                "timeout_seconds": 0,
                "email_notifications": {
                    "on_failure": [
                        "epsilonteam@spglobal.com",
                        "aurorateam@spglobal.com"
                    ]
                },
                "notification_settings": {
                    "no_alert_for_skipped_runs": false,
                    "no_alert_for_canceled_runs": false,
                    "alert_on_last_attempt": false
                }
            }
        ],
        "job_clusters": [
            {
                "job_cluster_key": "PHOENIX_ELT_CLUSTER",
                "new_cluster": {
                    "policy_id": "000D58CF1A419ED9"
                }
            }
        ],
        "tags": {
            "JobDescription": "phoenix_pipeline-databricks",
            "JobOwner": "epsilon@spglobal.com",
            "RDPUserApplicationName": "phoenix_pipeline-databricks",
            "RDPUserAppID": "ASP0013605"
        },
        "format": "MULTI_TASK",
        "access_control_list": [
            {
                "user_name": "erich_zimmerman",
                "permission_level": "CAN_MANAGE"
            },
            {
                "user_name": "suraj_kannayyagari",
                "permission_level": "CAN_MANAGE"
            },
            {
                "user_name": "merla_narendra",
                "permission_level": "CAN_MANAGE"
            }
        ]
    }
}
