{
  "kafka_contract": {
    "_description": "Configuration for Kafka message contract formatting - all fields are mandatory",
    "_rules": {
      "string_fields": "Null values replaced with empty string ''",
      "array_fields": "Null values replaced with empty array []", 
      "object_fields": "Null values replaced with object containing default empty string fields"
    },
    "string_fields": [
      "entityId",
      "orgPrimaryName", 
      "subProductName",
      "spOrgId",
      "aprAcceptable",
      "state",
      "countryCode",
      "currencyCode",
      "reportId",
      "keywordName",
      "workType",
      "receivedDate",
      "taggedDate",
      "dueDate",
      "fdmDueDate",
      "finalDueDate",
      "finalTime",
      "dcCompletionDate",
      "taggedFiles",
      "referenceFiles"
    ],
    "array_fields": [
      "mappedAsid",
      "datapoints"
    ],
    "object_fields": [
      "period"
    ],
    "period_required_fields": {
      "_description": "All period fields must be strings, null replaced with empty string",
      "periodEndDate": "string",
      "statementBasis": "string",
      "periodType": "string", 
      "periodMonths": "string",
      "accountingBasis": "string"
    },
    "datapoint_required_fields": {
      "_description": "Every datapoint must have these fields",
      "mandatory_string_fields": [
        "mnemonic",
        "value",
        "unitType"
      ],
      "optional_array_fields": [
        "comments",
        "schedules"
      ]
    },
    "null_replacements": {
      "_description": "Default values for null fields by type",
      "string": "",
      "array": [],
      "object": {}
    },
    "field_transformations": {
      "_description": "Special field transformations before applying contract",
      "taggedFiles": {
        "type": "string",
        "source": "TAGGED_FILES", 
        "null_replacement": ""
      },
      "referenceFiles": {
        "type": "string",
        "source": "REFERENCE_FILES",
        "null_replacement": ""
      }
    },
    "validation_rules": {
      "_description": "Optional validation rules for contract compliance",
      "required_top_level_fields": [
        "entityId", "orgPrimaryName", "subProductName", "mappedAsid", "period", 
        "state", "countryCode", "currencyCode", "reportId", "datapoints"
      ],
      "required_datapoint_fields": [
        "mnemonic", "value", "unitType"
      ]
    }
  }
}
