{
  "base": {
    "name": "MYDATA_CURATION_SERVICE",
    "frequency": 168,
    "process_frequency": 24,
    "audit_user": "audit_user",
    "control_tables": {
      "job_control": "t_job_control",
      "job_metadata": "t_job_metadata",
      "process_control": "t_process_control",
      "process_metadata": "t_process_metadata"
    },
    "job_statuses": {
      "NOT_STARTED": "NOT STARTED",
      "RUNNING": "RUNNING",
      "COMPLETED": "COMPLETED",
      "FAILED": "FAILED"
    }
  },
  "storage": {
    "filestore_s3_bucket": "iflux-filestore",
    "filestore_output_dir": "${ssd_opt_path_env}/phoenixdp-filestore/curated-data",
    "stage_s3_bucket": "spr-idf-${bucket_env}-platform-stage",
    "stage_s3_prefix": "data/phoenix/mydata_elt${ssd_opt_path_env}/dp/kafka_messages/",
    "control_tables_base_path": "s3://spr-idf-${bucket_env}-platform-landing${ssd_opt_path_env}/catalog"
  },
  "PIPELINE_TYPE": 0,
  "catalogs": {
    "raw": {
      "catalog": "idf_raw_${env}",
      "schema": "uspf",
      "org_schema": "org"
    },
    "curated": {
      "catalog": "idf_curated_${env}",
      "schema": "uspf",
      "curated_catalog": "idf_curated_${env}",
      "curated_schema": "uspf"
    }
  },
  "tables_curated": {
    "t_dp_transaction_dp_load": "t_dp_transaction_dp_load",
    "t_dp_transaction_comments": "t_dp_transaction_comments",
    "t_dp_transaction_schedules": "t_dp_transaction_schedules",
    "t_dp_transaction_org": "t_dp_transaction_org",
    "dp_date_processing_log": "dp_date_processing_log",
    "dp_file_processing_log": "dp_file_processing_log",
    "run_log": "run_log"
  },
  "tables_raw": {
    "t_dp_transaction_dp_load": "t_dp_transaction_dp_load",
    "t_dp_transaction_comments": "t_dp_transaction_comments",
    "t_dp_transaction_schedules": "t_dp_transaction_schedules",
    "t_dp_transaction_org": "t_dp_transaction_org",
    "dp_date_processing_log": "dp_date_processing_log",
    "dp_file_processing_log": "dp_file_processing_log",
    "run_log": "run_log"
  },
  "defaults": {
    "raw_catalog": "idf_raw_${env}",
    "raw_schema": "uspf",
    "TARGET_CATALOG": "idf_raw_${env}",
    "curated_catalog": "idf_curated_${env}",
    "curated_schema": "uspf"
  },
  "mappings": {
    "curation_dp_org_dp": {
      "target_to_source_mapping": {
        "PHOENIX_ID": "PHOENIX_ID",
        "SECTOR": "SECTOR",
        "CORE_ORG_ID": "CORE_ORG_ID",
        "ORG_PRIMARY_NAME": "ORG_PRIMARY_NAME",
        "STATE": "STATE",
        "SOURCE_FILE_CREATE_DATE": "SOURCE_FILE_CREATE_DATE",
        "COUNTRY_CODE": "COUNTRY_CODE",
        "CURRENCY_CODE": "CURRENCY_CODE",
        "DEAL_NAME_DESCRIPTOR": "DEAL_NAME_DESCRIPTOR",
        "FIN_REVENUE_TYPE": "FIN_REVENUE_TYPE",
        "FIN_REVENUE_SUBTYPE": "FIN_REVENUE_SUBTYPE",
        "FYE": "FYE"
      },
      "keys": "PHOENIX_ID",
      "partition_order": "SECTOR",
      "audit_columns": [
        "actv_ind",
        "create_usr_id",
        "last_upd_usr_id",
        "create_dttm",
        "last_upd_dttm",
        "run_id"
      ],
      "latest_on": "processing_timestamp",
      "ignorable_columns": "",
      "curation_template": "scd_type_1"
    },
    "curation_dp_load_dp": {
      "target_to_source_mapping": {
        "PHOENIX_ID": "PHOENIX_ID",
        "PHOENIX_PLAN_ID": "PHOENIX_PLAN_ID",
        "SECTOR_NAME": "SECTOR_NAME",
        "CORE_ORG_ID": "CORE_ORG_ID",
        "PER_TYPE_NAME": "PER_TYPE_NAME",
        "MEASURE_DATE": "MEASURE_DATE",
        "PERIOD_END_DATE": "PERIOD_END_DATE",
        "PERIOD_MONTHS": "PERIOD_MONTHS",
        "STATEMENT_BASIS_NAME": "STATEMENT_BASIS_NAME",
        "ACCOUNT_BASIS_NAME": "ACCOUNT_BASIS_NAME",
        "APR_ACCEPTABLE": "APR_ACCEPTABLE",
        "SOURCE_FILE_CREATE_DATE": "SOURCE_FILE_CREATE_DATE",
        "SRC_DE_UNIQ_ID_TEXT": "SRC_DE_UNIQ_ID_TEXT",
        "DP_VALUE": "DP_VALUE",
        "COLLECTION_DENOM": "COLLECTION_DENOM",
        "REPORT_ID": "REPORT_ID",
        "DELETE_FLAG": "DELETE_FLAG",
        "ACTION": "ACTION"
      },
      "keys": "SRC_DE_UNIQ_ID_TEXT,PHOENIX_ID,REPORT_ID",
      "partition_order": "PERIOD_END_DATE,SECTOR_NAME",
      "audit_columns": [
        "actv_ind",
        "create_usr_id",
        "last_upd_usr_id",
        "create_dttm",
        "last_upd_dttm",
        "run_id"
      ],
      "latest_on": "processing_timestamp",
      "ignorable_columns": "",
      "curation_template": "scd_type_1"
    },
    "curation_comments_dp": {
      "target_to_source_mapping": {
        "PHOENIX_ID": "PHOENIX_ID",
        "PHOENIX_PLAN_ID": "PHOENIX_PLAN_ID",
        "SECTOR_NAME": "SECTOR_NAME",
        "CORE_ORG_ID": "CORE_ORG_ID",
        "PER_TYPE_NAME": "PER_TYPE_NAME",
        "MEASURE_DATE": "MEASURE_DATE",
        "PERIOD_END_DATE": "PERIOD_END_DATE",
        "PERIOD_MONTHS": "PERIOD_MONTHS",
        "STATEMENT_BASIS_NAME": "STATEMENT_BASIS_NAME",
        "ACCOUNT_BASIS_NAME": "ACCOUNT_BASIS_NAME",
        "APR_ACCEPTABLE": "APR_ACCEPTABLE",
        "SOURCE_FILE_CREATE_DATE": "SOURCE_FILE_CREATE_DATE",
        "SRC_DE_UNIQ_ID_TEXT": "SRC_DE_UNIQ_ID_TEXT",
        "REPORT_ID": "REPORT_ID",
        "COMMENTS": "COMMENTS",
        "COMMENT_BY": "COMMENT_BY",
        "COMMENT_DATE_TIME": "COMMENT_DATE_TIME"
      },
      "keys": "SRC_DE_UNIQ_ID_TEXT,PHOENIX_ID,REPORT_ID",
      "partition_order": "PERIOD_END_DATE,SECTOR_NAME",
      "audit_columns": [
        "actv_ind",
        "create_usr_id",
        "last_upd_usr_id",
        "create_dttm",
        "last_upd_dttm",
        "run_id"
      ],
      "latest_on": "processing_timestamp",
      "ignorable_columns": "",
      "curation_template": "scd_type_1"
    },
    "curation_schedules_dp": {
      "target_to_source_mapping": {
        "PHOENIX_ID": "PHOENIX_ID",
        "PHOENIX_PLAN_ID": "PHOENIX_PLAN_ID",
        "SECTOR_NAME": "SECTOR_NAME",
        "CORE_ORG_ID": "CORE_ORG_ID",
        "PER_TYPE_NAME": "PER_TYPE_NAME",
        "MEASURE_DATE": "MEASURE_DATE",
        "PERIOD_END_DATE": "PERIOD_END_DATE",
        "PERIOD_MONTHS": "PERIOD_MONTHS",
        "STATEMENT_BASIS_NAME": "STATEMENT_BASIS_NAME",
        "ACCOUNT_BASIS_NAME": "ACCOUNT_BASIS_NAME",
        "APR_ACCEPTABLE": "APR_ACCEPTABLE",
        "SOURCE_FILE_CREATE_DATE": "SOURCE_FILE_CREATE_DATE",
        "SRC_DE_UNIQ_ID_TEXT": "SRC_DE_UNIQ_ID_TEXT",
        "REPORT_ID": "REPORT_ID",
        "SCHEDULE_NAME": "SCHEDULE_NAME",
        "SCHEDULE_VALUE": "SCHEDULE_VALUE",
        "ACTION": "ACTION",
        "SCHEDULE_FRMLA_TEXT": "SCHEDULE_FRMLA_TEXT",
        "VALUE": "VALUE",
        "ORDER_ID": "ORDER_ID"
      },
   
      "keys": "SRC_DE_UNIQ_ID_TEXT,PHOENIX_ID,REPORT_ID,SCHEDULE_NAME",
      "partition_order": "PERIOD_END_DATE,SECTOR_NAME",
      "audit_columns": [
        "actv_ind",
        "create_usr_id",
        "last_upd_usr_id",
        "create_dttm",
        "last_upd_dttm",
        "run_id"
      ],
      "latest_on": "processing_timestamp",
      "ignorable_columns": "",
      "curation_template": "scd_type_1"
    }
  },
  "file_table_mapping": {
      ".*_ORG_.*\\.txt": "t_dp_transaction_org",
      ".*_COMMENTS_.*\\.txt": "t_dp_transaction_comments",
      ".*_SCHEDULES_.*\\.txt": "t_dp_transaction_schedules",
      ".*_DP_LOAD_.*\\.txt": "t_dp_transaction_dp_load"
  }
}
