{
  "base": {
    "name": "MYDATA_CURATION_SERVICE",
    "frequency": 168,
    "process_frequency": 24,
    "audit_user": "audit_user",
    "control_tables": {
      "job_control": "t_job_control",
      "job_metadata": "t_job_metadata",
      "process_control": "t_process_control",
      "process_metadata": "t_process_metadata"
    },
    "job_statuses": {
      "NOT_STARTED": "NOT STARTED",
      "RUNNING": "RUNNING",
      "COMPLETED": "COMPLETED",
      "FAILED": "FAILED"
    }
  },
  "storage": {
    "filestore_s3_bucket": "iflux-filestore",
    "filestore_output_dir": "${ssd_opt_path_env}/phoenixdp-filestore/curated-data",
    "stage_s3_bucket": "spr-idf-${bucket_env}-platform-stage",
    "stage_s3_prefix": "data/phoenix/mydata_elt${ssd_opt_path_env}/kafka_messages/",
    "control_tables_base_path": "s3://spr-idf-${bucket_env}-platform-landing${ssd_opt_path_env}/catalog"
  },
  "PIPELINE_TYPE": 1,
  "catalogs": {
    "raw": {
      "catalog": "idf_raw_${env}",
      "schema": "uspf",
      "org_schema": "org"
    },
    "curated": {
      "catalog": "idf_curated_${env}",
      "schema": "uspf"
    },
    "staging": {
      "catalog": "idf_stg_${env}",
      "schema": "uspf"
    },
    "org": {
      "catalog": "idf_${env}",
      "schema": "org"
    }
  },
  "tables": {
    "t_dc_transaction_dp_load": "t_dc_transaction_dp_load",
    "t_dc_transaction_comments": "t_dc_transaction_comments",
    "t_dc_transaction_schedules": "t_dc_transaction_schedules",
    "t_dc_transaction_org": "t_dc_transaction_org",
    "t_dc_transaction_tif_pa": "t_dc_transaction_tif_pa",
    "t_dc_transaction_plan_org": "t_dc_transaction_plan_org",
    "t_dc_transaction_plan_id": "t_dc_transaction_plan_id",
    "t_asid_org_linking": "t_asid_org_linking",
    "t_asid_mapping_reference": "t_asid_mapping_reference",
    "t_org_linking_responses": "t_org_linking_responses",
    "t_org_table_linking_stage": "t_org_table_linking_stage",
    "t_org_linking": "t_org_linking",
    "dp_date_processing_log": "dp_date_processing_log",
    "dp_file_processing_log": "dp_file_processing_log",
    "t_org_finorgid_phoenixid_map": "t_org_finorgid_phoenixid_map",
    "run_log": "run_log",
    "fin_group_linked_scd2": "fin_group_linked_scd2",
    "period_merge": "period_merge",
    "period_merge_staging": "period_merge_staging",
    "statement_basis_precedence": "t_dc_statement_basis_precedence"
  },
  "defaults": {
    "raw_catalog": "idf_raw_${env}",
    "raw_schema": "uspf",
    "TARGET_CATALOG": "idf_raw_${env}",
    "curated_catalog": "idf_curated_${env}",
    "curated_schema": "uspf"
  },
  "curation_jobs": [
    {
      "name": "comments_load",
      "s3_metadata_file": "s3://spr-idf-${bucket_env}-platform-config/platform/config/uspf/t_dc_transaction_comments.json",
      "processor_name": {
        "$ref": "#/tables/t_dc_transaction_comments"
      },
      "catalog": {
        "$ref": "#/catalogs/curated/catalog"
      },
      "schema": {
        "$ref": "#/catalogs/curated/schema"
      }
    },
    {
      "name": "schedules_load",
      "s3_metadata_file": "s3://spr-idf-${bucket_env}-platform-config/platform/config/uspf/t_dc_transaction_schedules.json",
      "processor_name": {
        "$ref": "#/tables/t_dc_transaction_schedules"
      },
      "catalog": {
        "$ref": "#/catalogs/curated/catalog"
      },
      "schema": {
        "$ref": "#/catalogs/curated/schema"
      }
    },
    {
      "name": "dp_load",
      "s3_metadata_file": "s3://spr-idf-${bucket_env}-platform-config/platform/config/uspf/t_dc_transaction_dp_load.json",
      "processor_name": {
        "$ref": "#/tables/t_dc_transaction_dp_load"
      },
      "catalog": {
        "$ref": "#/catalogs/curated/catalog"
      },
      "schema": {
        "$ref": "#/catalogs/curated/schema"
      }
    }
  ],
  "etl_settings": {
    "recreate_target": false,
    "show_html": false
  },
  "kafka_plain": {
    "topic": "regional.int.multi.multi.orglinkingrequest.${env}",
    "kafka.bootstrap.servers": "https://kafka-ldap.cfk.${bootstrap_env}.spratingsvpc.com:9092",
    "kafka.security.protocol": "SASL_SSL",
    "kafka.sasl.mechanism": "PLAIN",
    "kafka.compression.type": "zstd",
    "kafka.sasl.jaas.config": "kafkashaded.org.apache.kafka.common.security.plain.PlainLoginModule required username=\"sys-elt_user\" ${p1}=\"${spark_kafka_value}\";",
    "kafka.ssl.truststore.type": "PEM",
    "kafka.ssl.truststore.location": "/databricks/idf/secrets/cfk.pem"
  },
  "linking": {
    "kafka": {
      "bootstrap.servers": "kafka-ldap.cfk.${bootstrap_env}.spratingsvpc.com:9092",
      "security.protocol": "SASL_SSL",
      "sasl.mechanisms": "PLAIN",
      "ssl.ca.location": "/databricks/idf/secrets/cfk.pem",
      "compression.type": "gzip",
      "auto.offset.reset": "earliest",
      "sasl.username": "sys-elt_user",
      "sasl.${p1}": "${spark_kafka_value}",
      "group.id": "app-sys-elt_user-gp"
    },
    "kafka_topic": "regional.int.multi.multi.orglinkingresponse.${env}",
    "config_json": "",
    "max_records": 1000,
    "timeout": 60.0,
    "catalog_name": "idf_raw_${env}",
    "schema_name": "uspf",
    "table_name": "t_org_linking_responses",
    "recreate_table": false
  },
  "elt_notify_kafka": {
    "topic": "global.int.multi.multi.eltnotifydatapreparation.${env}",
    "kafka.bootstrap.servers": "kafka-ldap.cfk.${bootstrap_env}.spratingsvpc.com:9092",
    "kafka.security.protocol": "SASL_SSL",
    "kafka.compression.type": "gzip",
    "kafka.sasl.mechanism": "PLAIN",
    "ssl.ca.location": "/databricks/idf/secrets/cfk.pem",
    "sasl.plain.username": "sys-elt_user",
    "kafka.sasl.jaas.config": "kafkashaded.org.apache.kafka.common.security.plain.PlainLoginModule required username=\"sys-elt_user\" ${p1}=\"${spark_kafka_value}\";",
    "group.id": "app-sys-elt_user-gp",
    "kafka.ssl.truststore.type": "PEM",
    "kafka.ssl.truststore.location": "/databricks/idf/secrets/cfk.pem",
    "enable.auto.commit": false
  },
  "incremental_feed": {
    "feed_name": "my_data_incremental",
    "filteringKey": "PHOENIX_ID",
    "appName": "elt-scd-curation-databricks",
    "source": "PHOENIX"
  },
  "mappings": {
    "curation_comments": {
      "target_to_source_mapping": {
        "PHOENIX_ID": "PHOENIX_ID",
        "PHOENIX_PLAN_ID": "PHOENIX_PLAN_ID",
        "SECTOR_NAME": "SECTOR_NAME",
        "PER_TYPE_NAME": "PER_TYPE_NAME",
        "MEASURE_DATE": "MEASURE_DATE",
        "PERIOD_END_DATE": "PERIOD_END_DATE",
        "PERIOD_MONTHS": "PERIOD_MONTHS",
        "STATEMENT_BASIS_NAME": "STATEMENT_BASIS_NAME",
        "ACCOUNT_BASIS_NAME": "ACCOUNT_BASIS_NAME",
        "APR_ACCEPTABLE": "APR_ACCEPTABLE",
        "SOURCE_FILE_CREATE_DATE": "SOURCE_FILE_CREATE_DATE",
        "SRC_DE_UNIQ_ID_TEXT": "SRC_DE_UNIQ_ID_TEXT",
        "REPORT_ID": "REPORT_ID",
        "COMMENTS": "COMMENTS",
        "VALUE": "VALUE",
        "COMMENT_BY": "COMMENT_BY",
        "COMMENT_DATE_TIME": "COMMENT_DATE_TIME"
      },
      "keys": "SRC_DE_UNIQ_ID_TEXT,PHOENIX_ID,REPORT_ID,COMMENT_DATE_TIME,COMMENTS",
      "partition_order": "PERIOD_END_DATE,SECTOR_NAME",
      "audit_columns": [
        "actv_ind",
        "create_usr_id",
        "last_upd_usr_id",
        "create_dttm",
        "last_upd_dttm",
        "run_id"
      ],
      "latest_on": "processing_timestamp",
      "ignorable_columns": "",
      "curation_template": "scd_type_1"
    },
    "curation_dp_load": {
      "target_to_source_mapping": {
        "PHOENIX_ID": "PHOENIX_ID",
        "PHOENIX_PLAN_ID": "PHOENIX_PLAN_ID",
        "SECTOR_NAME": "SECTOR_NAME",
        "PER_TYPE_NAME": "PER_TYPE_NAME",
        "MEASURE_DATE": "MEASURE_DATE",
        "PERIOD_END_DATE": "PERIOD_END_DATE",
        "PERIOD_MONTHS": "PERIOD_MONTHS",
        "STATEMENT_BASIS_NAME": "STATEMENT_BASIS_NAME",
        "ACCOUNT_BASIS_NAME": "ACCOUNT_BASIS_NAME",
        "APR_ACCEPTABLE": "APR_ACCEPTABLE",
        "SOURCE_FILE_CREATE_DATE": "SOURCE_FILE_CREATE_DATE",
        "SRC_DE_UNIQ_ID_TEXT": "SRC_DE_UNIQ_ID_TEXT",
        "DP_VALUE": "DP_VALUE",
        "REPORT_ID": "REPORT_ID",
        "DELETE_FLAG": "DELETE_FLAG",
        "ACTION": "ACTION",
        "WORK_TYPE": "WORK_TYPE",
        "KEYWORD_NAME": "KEYWORD_NAME",
        "RECEIVED_DATE": "RECEIVED_DATE",
        "TAGGED_DATE": "TAGGED_DATE",
        "COLLECTION_DENOM": "COLLECTION_DENOM",
        "DUE_DATE": "DUE_DATE",
        "FDM_DUE_DATE": "FDM_DUE_DATE",
        "FINAL_DUE_DATE": "FINAL_DUE_DATE",
        "FINAL_TIME": "FINAL_TIME",
        "DC_COMPLETION_DATE": "DC_COMPLETION_DATE",
        "TAGGED_FILES": "TAGGED_FILES",
        "REFERENCE_FILES": "REFERENCE_FILES"
      },
      "keys": "SRC_DE_UNIQ_ID_TEXT,PHOENIX_ID,REPORT_ID",
      "partition_order": "PERIOD_END_DATE,SECTOR_NAME",
      "audit_columns": [
        "actv_ind",
        "create_usr_id",
        "last_upd_usr_id",
        "create_dttm",
        "last_upd_dttm",
        "run_id"
      ],
      "latest_on": "processing_timestamp",
      "ignorable_columns": "",
      "curation_template": "scd_type_1"
    },
    "curation_org": {
      "target_to_source_mapping": {
        "PHOENIX_ID": "PHOENIX_ID",
        "SECTOR": "SECTOR",
        "ORG_PRIMARY_NAME": "ORG_PRIMARY_NAME",
        "STATE": "STATE",
        "SOURCE_FILE_CREATE_DATE": "SOURCE_FILE_CREATE_DATE",
        "COUNTRY_CODE": "COUNTRY_CODE",
        "CURRENCY_CODE": "CURRENCY_CODE",
        "DEAL_NAME_DESCRIPTOR": "DEAL_NAME_DESCRIPTOR",
        "FIN_REVENUE_TYPE": "FIN_REVENUE_TYPE",
        "FIN_REVENUE_SUBTYPE": "FIN_REVENUE_SUBTYPE",
        "FYE": "FYE"
      },
      "keys": "PHOENIX_ID",
      "partition_order": "SECTOR",
      "audit_columns": [
        "actv_ind",
        "create_usr_id",
        "last_upd_usr_id",
        "create_dttm",
        "last_upd_dttm",
        "run_id"
      ],
      "latest_on": "processing_timestamp",
      "ignorable_columns": "",
      "curation_template": "scd_type_1"
    },
    "curation_schedules": {
      "target_to_source_mapping": {
        "PHOENIX_ID": "PHOENIX_ID",
        "PHOENIX_PLAN_ID": "PHOENIX_PLAN_ID",
        "SECTOR_NAME": "SECTOR_NAME",
        "PER_TYPE_NAME": "PER_TYPE_NAME",
        "MEASURE_DATE": "MEASURE_DATE",
        "PERIOD_END_DATE": "PERIOD_END_DATE",
        "PERIOD_MONTHS": "PERIOD_MONTHS",
        "STATEMENT_BASIS_NAME": "STATEMENT_BASIS_NAME",
        "ACCOUNT_BASIS_NAME": "ACCOUNT_BASIS_NAME",
        "APR_ACCEPTABLE": "APR_ACCEPTABLE",
        "SOURCE_FILE_CREATE_DATE": "SOURCE_FILE_CREATE_DATE",
        "SRC_DE_UNIQ_ID_TEXT": "SRC_DE_UNIQ_ID_TEXT",
        "REPORT_ID": "REPORT_ID",
        "SCHEDULE_NAME": "SCHEDULE_NAME",
        "SCHEDULE_VALUE": "SCHEDULE_VALUE",
        "ACTION": "ACTION",
        "SCHEDULE_FRMLA_TEXT": "SCHEDULE_FRMLA_TEXT",
        "VALUE": "VALUE",
        "ORDER_ID": "ORDER_ID",
        "REMARKS": "REMARKS",
        "SCHEDULE_BY": "SCHEDULE_BY",
        "SCHEDULE_DATE_TIME": "SCHEDULE_DATE_TIME"
      },
      "keys": "SRC_DE_UNIQ_ID_TEXT,PHOENIX_ID,REPORT_ID,SCHEDULE_NAME",
      "partition_order": "PERIOD_END_DATE,SECTOR_NAME",
      "audit_columns": [
        "actv_ind",
        "create_usr_id",
        "last_upd_usr_id",
        "create_dttm",
        "last_upd_dttm",
        "run_id"
      ],
      "latest_on": "processing_timestamp",
      "ignorable_columns": "",
      "curation_template": "scd_type_1"
    },
    "curation_tif_pa": {
      "target_to_source_mapping": {
        "PHOENIX_ID": "PHOENIX_ID",
        "PA_PHOENIXID": "PA_PHOENIXID",
        "LINKAGE": "LINKAGE",
        "ACTION": "ACTION",
        "SOURCE_FILE_CREATE_DATE": "SOURCE_FILE_CREATE_DATE"
      },
      "keys": "PHOENIX_ID,PA_PHOENIXID",
      "partition_order": " ",
      "audit_columns": [
        "actv_ind",
        "create_usr_id",
        "last_upd_usr_id",
        "create_dttm",
        "last_upd_dttm",
        "run_id"
      ],
      "latest_on": "processing_timestamp",
      "ignorable_columns": "",
      "curation_template": "scd_type_1"
    },
    "curation_plan_id": {
      "target_to_source_mapping": {
        "PHOENIX_PLAN_ID": "PHOENIX_PLAN_ID",
        "PHOENIX_ID": "PHOENIX_ID",
        "ACTION": "ACTION",
        "REPORT_ID": "REPORT_ID",
        "SOURCE_FILE_CREATE_DATE": "SOURCE_FILE_CREATE_DATE"
      },
      "keys": "PHOENIX_PLAN_ID,PHOENIX_ID",
      "partition_order": " ",
      "audit_columns": [
        "actv_ind",
        "create_usr_id",
        "last_upd_usr_id",
        "create_dttm",
        "last_upd_dttm",
        "run_id"
      ],
      "latest_on": "processing_timestamp",
      "ignorable_columns": "",
      "curation_template": "scd_type_1"
    },
    "curation_plan_org": {
      "target_to_source_mapping": {
        "PHOENIX_ID": "PHOENIX_ID",
        "PLAN_NAME": "PLAN_NAME",
        "PLAN_STATE": "PLAN_STATE",
        "PENSION_OPEB": "PENSION_OPEB",
        "PLAN_TYPE": "PLAN_TYPE",
        "SOURCE_FILE_CREATE_DATE": "SOURCE_FILE_CREATE_DATE"
      },
      "keys": "PHOENIX_ID",
      "partition_order": " ",
      "audit_columns": [
        "actv_ind",
        "create_usr_id",
        "last_upd_usr_id",
        "create_dttm",
        "last_upd_dttm",
        "run_id"
      ],
      "latest_on": "processing_timestamp",
      "ignorable_columns": "",
      "curation_template": "scd_type_1"
    },
    "scd2": {
      "keys": "entityId,subProductName,reportId"
    }
  },
  "file_table_mapping": {
    ".*_COMMENTS_.*\\.txt": "t_dc_transaction_comments",
    ".*_SCHEDULES_.*\\.txt": "t_dc_transaction_schedules",
    ".*_DP_LOAD_.*\\.txt": "t_dc_transaction_dp_load",
    ".*_TIF_PA_.*\\.txt": "t_dc_transaction_tif_pa",
    ".*_PLAN_ID_.*\\.txt": "t_dc_transaction_plan_id",
    ".*_PLAN_ORG_.*\\.txt": "t_dc_transaction_plan_org",
    ".*_ORG_.*\\.txt": "t_dc_transaction_org"
  }
}
