{
  "kafka": {
    "pf_precedence_changes": {
      "topic": "regional.int.rdd.multi.aerorequest.${env}",
      "producer_config": {
        "kafka.bootstrap.servers": "kafka-ldap.cfk.${bootstrap_env}.spratingsvpc.com:9092",
        "kafka.security.protocol": "SASL_SSL",
        "kafka.sasl.mechanism": "PLAIN",
        "ssl.ca.location": "/databricks/idf/secrets/cfk.pem",
        "sasl.plain.username": "sys-elt_user",
        "kafka.compression.type": "zstd"
      },
      "vault_secret_key": "kafka.orglinking.${p1}",
      "serializer": "contract:pf_precedence",
      "debug_dry_run": false,
      "eventName": "NEW",
      "dataSetType": "Financials",
      "eventSource": "Mydata",
      "datasets": [
        "Prepared Financial"
      ],
      "periodEnddateFormat": "MM-dd-yyyy",
      "debug_print_messages": true,
      "debug_print_limit": 10
    }
  },
  "postgres": {
    "pf_precedence_changes": {
      "jdbc_secret_key": "postgre.apd.jdbc",
      "table": "apd.dataset",
      "driver": "org.postgresql.Driver",
      "mode": "append",
      "formatter": "contract:pf_precedence",
      "debug_dry_run": false,
      "debug_show_limit": 10,
      "jsonb_columns": ["dataset_delta", "dataset"],
      "exclude_insert_columns": ["dataset_id"],
      "upsert": {
        "key_columns": [
          "dataset_type",
          "vendor_report_id",
          "statement_basis_name",
          "fin_entity_id"
        ],
        "status_column": "dataset_status",
        "jsonb_columns": ["dataset_delta", "dataset"],
        "exclude_insert_columns": ["dataset_id"]
      },
      "dataset_type": "Prepared Financial",
      "dataset_status": "Provisional",
      "dataset_source": "Mydata",
      "audit_user": "MYDATA_PIPELINE",
      "fin_entity_id_column": "PHOENIX_PLAN_ID",
      "user_secret_key": "postgre.apd.user",
      "p1_secret_key": "postgre.apd.${p1}",
      "options": {
        "stringtype": "unspecified",
        "batchsize": "5000"
      }
    }
  }
}
