{
  "contracts": {
    "pf_precedence": {
      "kafka": {
        "group": {
          "name": "orgs",
          "group_by": {
            "orgID": "CAST(PHOENIX_ID AS STRING)",
            "orgName": "ORG_PRIMARY_NAME",
            "sector": "SECTOR_NAME"
          },
          "fields": {
            "datasets": {
              "config": "datasets",
              "default": [
                "Prepared Financial"
              ]
            },
            "changedPeriods": {
              "collect_list": {
                "struct": {
                  "vendorReportId": "CAST(REPORT_ID AS STRING)",
                  "periodEnddate": "date_format(period_end_date, 'MM-dd-yyyy')",
                  "stmtBasis": "STATEMENT_BASIS_NAME",
                  "periodType": "PER_TYPE_NAME",
                  "periodName": "PER_TYPE_NAME",
                  "action": "CASE WHEN COALESCE(delete_flag, 'N') = 'Y' THEN 'delete' WHEN precedence_action IS NOT NULL THEN precedence_action ELSE lower(COALESCE(ACTION, 'create')) END",
                  "previousVendorReportID": "CAST(previous_vendor_report_id AS STRING)"
                }
              }
            }
          }
        },
        "root": {
          "eventName": {
            "config": "eventName",
            "default": "NEW"
          },
          "dataSetType": {
            "config": "dataSetType",
            "default": "Financials"
          },
          "eventSource": {
            "config": "eventSource",
            "default": "Mydata"
          },
          "eventDate": {
            "context": "pipeline_timestamp_iso"
          },
          "eventParticipantList": {
            "array": [
              {
                "orgs": {
                  "group_ref": "orgs"
                }
              }
            ]
          }
        }
      },
      "postgres": {
        "record": {
          "dataset_type": {
            "config": "dataset_type",
            "default": "Prepared Financial"
          },
          "sp_org_id": "sp_org_id",
          "dataset_status": {
            "config": "dataset_status",
            "default": "Provisional"
          },
          "fin_entity_id": "CAST(PHOENIX_ID AS STRING)",
          "vendor_report_id": "CAST(REPORT_ID AS STRING)",
          "period_end_date": "CAST(period_end_date AS DATE)",
          "statement_basis_name": "STATEMENT_BASIS_NAME",
          "create_datetime": {
            "context": "pipeline_timestamp"
          },
          "dataset_delta": "CAST(NULL AS STRING)",
          "dataset": "dataset_json",
          "asid": "CAST(NULL AS ARRAY<INT>)",
          "revenue_src_id": "CAST(NULL AS ARRAY<INT>)",
          "pledge_id": "CAST(NULL AS ARRAY<INT>)",
          "easid": "CAST(NULL AS ARRAY<INT>)",
          "issueid": "CAST(NULL AS ARRAY<INT>)",
          "issuedetailid": "CAST(NULL AS ARRAY<INT>)",
          "mpnid": "CAST(NULL AS ARRAY<INT>)",
          "org_name": "ORG_PRIMARY_NAME",
          "dataset_version": "CAST(1 AS DECIMAL(10,0))",
          "current_ind": "CASE WHEN COALESCE(precedence_action, lower(COALESCE(ACTION, 'create'))) = 'delete' OR COALESCE(delete_flag, 'N') = 'Y' THEN 'N' ELSE 'Y' END",
          "delete_ind": "CASE WHEN COALESCE(delete_flag, 'N') = 'Y' THEN 'Y' ELSE 'N' END",
          "dataset_source": {
            "config": "dataset_source",
            "default": "Mydata"
          },
          "workflow_job_number": {
            "context": "pipeline_run_id"
          },
          "re_org_id": "CAST(PHOENIX_ID AS BIGINT)",
          "re_org_name": "ORG_PRIMARY_NAME",
          "fin_sector_name": "SECTOR_NAME",
          "last_upd_user_id": {
            "config": "audit_user",
            "default": "MYDATA_PIPELINE"
          },
          "last_upd_datetime": {
            "context": "pipeline_timestamp"
          },
          "create_user_id": {
            "config": "audit_user",
            "default": "MYDATA_PIPELINE"
          }
        }
      }
    }
  }
}
