{
  "logging": {
    "log_table": {
      "catalog": "idf_curated_${env}",
      "schema": "uspf",
      "table": "dp_to_apd_log",
      "partition_by": [
        "status"
      ],
      "description": "Pipeline-level execution ledger for dp_to_apd datasets"
    },
    "curated_run_log": {
      "catalog": "idf_curated_${env}",
      "schema": "uspf",
      "table": "run_log",
      "run_id_column": "run_id"
    }
  },
  "datasets": [
    {
      "name": "pf_dp_load_norm",
      "source": {
        "type": "table",
        "catalog": "idf_curated_${env}",
        "schema": "uspf",
        "table": "t_dp_transaction_dp_load",
        "read_mode": "latest"
      },
      "target": {
        "type": "temp_view",
        "name": "pf_dp_load_norm"
      },
      "transformation": {
        "catalog": "idf_curated_${env}",
        "schema": "uspf",
        "table": "t_dp_transaction_dp_load"
      }
    },
    {
      "name": "pf_schedules",
      "source": {
        "type": "table",
        "catalog": "idf_curated_${env}",
        "schema": "uspf",
        "table": "t_dp_transaction_schedules",
        "read_mode": "latest"
      },
      "target": {
        "type": "temp_view",
        "name": "pf_schedules"
      },
      "transformation": {
        "catalog": "idf_curated_${env}",
        "schema": "uspf",
        "table": "t_dp_transaction_schedules"
      }
    },
    {
      "name": "pf_comments",
      "source": {
        "type": "table",
        "catalog": "idf_curated_${env}",
        "schema": "uspf",
        "table": "t_dp_transaction_comments",
        "read_mode": "latest"
      },
      "target": {
        "type": "temp_view",
        "name": "pf_comments"
      },
      "transformation": {
        "catalog": "idf_curated_${env}",
        "schema": "uspf",
        "table": "t_dp_transaction_comments"
      }
    },
    {
      "name": "pf_org_latest",
      "source": {
        "type": "table",
        "catalog": "idf_curated_${env}",
        "schema": "uspf",
        "table": "t_dp_transaction_org",
        "read_mode": "latest"
      },
      "target": {
        "type": "temp_view",
        "name": "pf_org_latest"
      },
      "transformation": {
        "catalog": "idf_curated_${env}",
        "schema": "uspf",
        "table": "t_dp_transaction_org"
      }
    },
    {
      "name": "pf_org_latest_filtered",
      "source": {
        "type": "view",
        "name": "pf_org_latest"
      },
      "target": {
        "type": "temp_view",
        "name": "pf_org_latest_filtered"
      },
      "transformation": {
        "catalog": "pipelines",
        "schema": "dp_to_adp",
        "table": "pf_org_latest_filtered"
      }
    },
    {
      "name": "pf_unified",
      "source": {
        "type": "view",
        "name": "pf_dp_load_norm"
      },
      "target": {
        "type": "temp_view",
        "name": "pf_unified"
      },
      "transformation": {
        "catalog": "pipelines",
        "schema": "dp_to_adp",
        "table": "pf_unified"
      }
    },
    {
      "name": "collapsed_base",
      "source": {
        "type": "view",
        "name": "pf_unified"
      },
      "target": {
        "type": "temp_view",
        "name": "collapsed_base"
      },
      "transformation": {
        "catalog": "pipelines",
        "schema": "dp_to_adp",
        "table": "collapsed_base"
      }
    },
    {
      "name": "pf_base",
      "source": {
        "type": "view",
        "name": "collapsed_base"
      },
      "target": {
        "type": "delta",
        "catalog": "idf_curated_${env}",
        "schema": "uspf",
        "table": "t_pf_base",
        "skip_schema_validation": true,
        "create_if_missing": true
      },
      "transformation": {
        "catalog": "pipelines",
        "schema": "dp_to_adp",
        "table": "pf_base"
      },
      "scd": {
        "type": "type2",
        "business_keys": [
          "PHOENIX_ID",
          "REPORT_ID",
          "period_end_date"
        ],
        "hash_column": "record_hash",
        "delete_indicator_col": "delete_flag",
        "current_flag_col": "is_current",
        "active_flag_col": "actv_ind",
        "effective_start_col": "effective_start_dttm",
        "effective_end_col": "effective_end_dttm",
        "run_id_col": "run_id",
        "created_col": "create_dttm",
        "updated_col": "last_upd_dttm",
        "created_user_col": "create_usr_id",
        "updated_user_col": "last_upd_usr_id",
        "version_col": "version_id"
      },
      "effective_timestamp_column": "processing_timestamp"
    },
    {
      "name": "pf_precedence_changes",
      "source": {
        "type": "table",
        "catalog": "idf_curated_${env}",
        "schema": "uspf",
        "table": "t_pf_base"
      },
      "target": {
        "type": "temp_view",
        "name": "pf_precedence_changes"
      },
      "transformation": {
        "catalog": "pipelines",
        "schema": "dp_to_adp",
        "table": "pf_precedence_changes"
      }
    },
    {
      "name": "pf_precedence_payload",
      "source": {
        "type": "view",
        "name": "pf_precedence_changes"
      },
      "target": {
        "type": "temp_view",
        "name": "pf_precedence_payload"
      },
      "transformation": {
        "catalog": "pipelines",
        "schema": "dp_to_adp",
        "table": "pf_precedence_payload"
      }
    },
    {
      "name": "pf_precedence_changes_kafka",
      "source": {
        "type": "view",
        "name": "pf_precedence_payload"
      },
      "apply_transformations": false,
      "target": {
        "type": "kafka",
        "name": "pf_precedence_changes",
        "config_key": "pf_precedence_changes"
      }
    },
    {
      "name": "pf_precedence_changes_postgres",
      "source": {
        "type": "view",
        "name": "pf_precedence_payload"
      },
      "apply_transformations": false,
      "target": {
        "type": "postgres",
        "name": "pf_precedence_changes",
        "config_key": "pf_precedence_changes"
      }
    },
    {
      "name": "pf_validation_warnings",
      "source": {
        "type": "table",
        "catalog": "idf_curated_${env}",
        "schema": "uspf",
        "table": "t_dp_transaction_dp_load",
        "read_mode": "latest"
      },
      "target": {
        "type": "delta",
        "catalog": "idf_curated_${env}",
        "schema": "uspf",
        "table": "t_pf_validation_warnings",
        "mode": "append",
        "schema_catalog": "idf_curated"
      },
      "transformation": {
        "catalog": "pipelines",
        "schema": "dp_to_adp",
        "table": "pf_validation_warnings"
      }
    }
  ]
}
