[{"TEMPLT_SECTOR_NAME": "CHARTER SCHOOL",
   "SCENARIO_CD": "DATA_ONLY",
   "SCENARIO_NAME": "Data Only",
   "PRIORITY_ORDR_NUM": 10},
  {"TEMPLT_SECTOR_NAME": "CHARTER SCHOOL",
   "SCENARIO_CD": "INTERNAL",
   "SCENARIO_NAME": "Internal",
   "PRIORITY_ORDR_NUM": 9},
  {"TEMPLT_SECTOR_NAME": "CHARTER SCHOOL",
   "SCENARIO_CD": "PROFORMA",
   "SCENARIO_NAME": "Pro Forma",
   "PRIORITY_ORDR_NUM": 8},
  {"TEMPLT_SECTOR_NAME": "CHARTER SCHOOL",
   "SCENARIO_CD": "PROJECTED",
   "SCENARIO_NAME": "Projected",
   "PRIORITY_ORDR_NUM": 7},
  {"TEMPLT_SECTOR_NAME": "CHARTER SCHOOL",
   "SCENARIO_CD": "INTERIM",
   "SCENARIO_NAME": "Interim",
   "PRIORITY_ORDR_NUM": 6},
  {"TEMPLT_SECTOR_NAME": "CHARTER SCHOOL",
   "SCENARIO_CD": "12",
   "SCENARIO_NAME": "Estimate",
   "PRIORITY_ORDR_NUM": 5},
  {"TEMPLT_SECTOR_NAME": "CHARTER SCHOOL",
   "SCENARIO_CD": "DEMAND_DATA",
   "SCENARIO_NAME": "Demand data",
   "PRIORITY_ORDR_NUM": 4},
  {"TEMPLT_SECTOR_NAME": "CHARTER SCHOOL",
   "SCENARIO_CD": "BUDGETED",
   "SCENARIO_NAME": "Budgeted",
   "PRIORITY_ORDR_NUM": 3},
  {"TEMPLT_SECTOR_NAME": "CHARTER SCHOOL",
   "SCENARIO_CD": "UNAUDITED",
   "SCENARIO_NAME": "Unaudited",
   "PRIORITY_ORDR_NUM": 2},
  {"TEMPLT_SECTOR_NAME": "CHARTER SCHOOL",
   "SCENARIO_CD": "AUDITED",
   "SCENARIO_NAME": "Audited",
   "PRIORITY_ORDR_NUM": 1},
  {"TEMPLT_SECTOR_NAME": "EDUCATION Enterprises",
   "SCENARIO_CD": "DATA_ONLY",
   "SCENARIO_NAME": "Data Only",
   "PRIORITY_ORDR_NUM": 7},
  {"TEMPLT_SECTOR_NAME": "EDUCATION Enterprises",
   "SCENARIO_CD": "PROJECTED",
   "SCENARIO_NAME": "Projected",
   "PRIORITY_ORDR_NUM": 6},
  {"TEMPLT_SECTOR_NAME": "EDUCATION Enterprises",
   "SCENARIO_CD": "INTERIM",
   "SCENARIO_NAME": "Interim",
   "PRIORITY_ORDR_NUM": 5},
  {"TEMPLT_SECTOR_NAME": "EDUCATION Enterprises",
   "SCENARIO_CD": "12",
   "SCENARIO_NAME": "Estimate",
   "PRIORITY_ORDR_NUM": 4},
  {"TEMPLT_SECTOR_NAME": "EDUCATION Enterprises",
   "SCENARIO_CD": "DEMAND_DATA",
   "SCENARIO_NAME": "Demand data",
   "PRIORITY_ORDR_NUM": 3},
  {"TEMPLT_SECTOR_NAME": "EDUCATION Enterprises",
   "SCENARIO_CD": "UNAUDITED",
   "SCENARIO_NAME": "Unaudited",
   "PRIORITY_ORDR_NUM": 2},
  {"TEMPLT_SECTOR_NAME": "EDUCATION Enterprises",
   "SCENARIO_CD": "AUDITED",
   "SCENARIO_NAME": "Audited",
   "PRIORITY_ORDR_NUM": 1},
  {"TEMPLT_SECTOR_NAME": "EDUCATION Non-Profit",
   "SCENARIO_CD": "PROJECTED",
   "SCENARIO_NAME": "Projected",
   "PRIORITY_ORDR_NUM": 4},
  {"TEMPLT_SECTOR_NAME": "EDUCATION Non-Profit",
   "SCENARIO_CD": "DEMAND_DATA",
   "SCENARIO_NAME": "Demand data",
   "PRIORITY_ORDR_NUM": 3},
  {"TEMPLT_SECTOR_NAME": "EDUCATION Non-Profit",
   "SCENARIO_CD": "UNAUDITED",
   "SCENARIO_NAME": "Unaudited",
   "PRIORITY_ORDR_NUM": 2},
  {"TEMPLT_SECTOR_NAME": "EDUCATION Non-Profit",
   "SCENARIO_CD": "AUDITED",
   "SCENARIO_NAME": "Audited",
   "PRIORITY_ORDR_NUM": 1},
  {"TEMPLT_SECTOR_NAME": "G O Municipality & County",
   "SCENARIO_CD": "DATA_ONLY",
   "SCENARIO_NAME": "Data Only",
   "PRIORITY_ORDR_NUM": 5},
  {"TEMPLT_SECTOR_NAME": "G O Municipality & County",
   "SCENARIO_CD": "BUDGETED",
   "SCENARIO_NAME": "Budgeted",
   "PRIORITY_ORDR_NUM": 4},
  {"TEMPLT_SECTOR_NAME": "G O Municipality & County",
   "SCENARIO_CD": "PROJECTED",
   "SCENARIO_NAME": "Projected",
   "PRIORITY_ORDR_NUM": 3},
  {"TEMPLT_SECTOR_NAME": "G O Municipality & County",
   "SCENARIO_CD": "UNAUDITED",
   "SCENARIO_NAME": "Unaudited",
   "PRIORITY_ORDR_NUM": 2},
  {"TEMPLT_SECTOR_NAME": "G O Municipality & County",
   "SCENARIO_CD": "AUDITED",
   "SCENARIO_NAME": "Audited",
   "PRIORITY_ORDR_NUM": 1},
  {"TEMPLT_SECTOR_NAME": "G O School District",
   "SCENARIO_CD": "DATA_ONLY",
   "SCENARIO_NAME": "Data Only",
   "PRIORITY_ORDR_NUM": 5},
  {"TEMPLT_SECTOR_NAME": "G O School District",
   "SCENARIO_CD": "BUDGETED",
   "SCENARIO_NAME": "Budgeted",
   "PRIORITY_ORDR_NUM": 4},
  {"TEMPLT_SECTOR_NAME": "G O School District",
   "SCENARIO_CD": "PROJECTED",
   "SCENARIO_NAME": "Projected",
   "PRIORITY_ORDR_NUM": 3},
  {"TEMPLT_SECTOR_NAME": "G O School District",
   "SCENARIO_CD": "UNAUDITED",
   "SCENARIO_NAME": "Unaudited",
   "PRIORITY_ORDR_NUM": 2},
  {"TEMPLT_SECTOR_NAME": "G O School District",
   "SCENARIO_CD": "AUDITED",
   "SCENARIO_NAME": "Audited",
   "PRIORITY_ORDR_NUM": 1},
  {"TEMPLT_SECTOR_NAME": "G O State",
   "SCENARIO_CD": "PROFORMA",
   "SCENARIO_NAME": "Pro Forma",
   "PRIORITY_ORDR_NUM": 9},
  {"TEMPLT_SECTOR_NAME": "G O State",
   "SCENARIO_CD": "PROJECTED",
   "SCENARIO_NAME": "Projected",
   "PRIORITY_ORDR_NUM": 8},
  {"TEMPLT_SECTOR_NAME": "G O State",
   "SCENARIO_CD": "BUDGETED",
   "SCENARIO_NAME": "Budgeted",
   "PRIORITY_ORDR_NUM": 7},
  {"TEMPLT_SECTOR_NAME": "G O State",
   "SCENARIO_CD": "DEMAND_DATA",
   "SCENARIO_NAME": "Demand data",
   "PRIORITY_ORDR_NUM": 6},
  {"TEMPLT_SECTOR_NAME": "G O State",
   "SCENARIO_CD": "DATA_ONLY",
   "SCENARIO_NAME": "Data Only",
   "PRIORITY_ORDR_NUM": 5},
  {"TEMPLT_SECTOR_NAME": "G O State",
   "SCENARIO_CD": "12",
   "SCENARIO_NAME": "Estimate",
   "PRIORITY_ORDR_NUM": 4},
  {"TEMPLT_SECTOR_NAME": "G O State",
   "SCENARIO_CD": "1",
   "SCENARIO_NAME": "Actual",
   "PRIORITY_ORDR_NUM": 3},
  {"TEMPLT_SECTOR_NAME": "G O State",
   "SCENARIO_CD": "UNAUDITED",
   "SCENARIO_NAME": "Unaudited",
   "PRIORITY_ORDR_NUM": 2},
  {"TEMPLT_SECTOR_NAME": "G O State",
   "SCENARIO_CD": "AUDITED",
   "SCENARIO_NAME": "Audited",
   "PRIORITY_ORDR_NUM": 1},
  {"TEMPLT_SECTOR_NAME": "HEALTH CARE Acute",
   "SCENARIO_CD": "12",
   "SCENARIO_NAME": "Estimate",
   "PRIORITY_ORDR_NUM": 11},
  {"TEMPLT_SECTOR_NAME": "HEALTH CARE Acute",
   "SCENARIO_CD": "PROFORMA",
   "SCENARIO_NAME": "Pro Forma",
   "PRIORITY_ORDR_NUM": 10},
  {"TEMPLT_SECTOR_NAME": "HEALTH CARE Acute",
   "SCENARIO_CD": "PROJECTED",
   "SCENARIO_NAME": "Projected",
   "PRIORITY_ORDR_NUM": 9},
  {"TEMPLT_SECTOR_NAME": "HEALTH CARE Acute",
   "SCENARIO_CD": "BUDGETED",
   "SCENARIO_NAME": "Budgeted",
   "PRIORITY_ORDR_NUM": 8},
  {"TEMPLT_SECTOR_NAME": "HEALTH CARE Acute",
   "SCENARIO_CD": "DEMAND_DATA",
   "SCENARIO_NAME": "Demand data",
   "PRIORITY_ORDR_NUM": 7},
  {"TEMPLT_SECTOR_NAME": "HEALTH CARE Acute",
   "SCENARIO_CD": "DATA_ONLY",
   "SCENARIO_NAME": "Data Only",
   "PRIORITY_ORDR_NUM": 6},
  {"TEMPLT_SECTOR_NAME": "HEALTH CARE Acute",
   "SCENARIO_CD": "1",
   "SCENARIO_NAME": "Actual",
   "PRIORITY_ORDR_NUM": 5},
  {"TEMPLT_SECTOR_NAME": "HEALTH CARE Acute",
   "SCENARIO_CD": "INTERNAL",
   "SCENARIO_NAME": "Internal",
   "PRIORITY_ORDR_NUM": 4},
  {"TEMPLT_SECTOR_NAME": "HEALTH CARE Acute",
   "SCENARIO_CD": "INTERIM",
   "SCENARIO_NAME": "Interim",
   "PRIORITY_ORDR_NUM": 3},
  {"TEMPLT_SECTOR_NAME": "HEALTH CARE Acute",
   "SCENARIO_CD": "UNAUDITED",
   "SCENARIO_NAME": "Unaudited",
   "PRIORITY_ORDR_NUM": 2},
  {"TEMPLT_SECTOR_NAME": "HEALTH CARE Acute",
   "SCENARIO_CD": "AUDITED",
   "SCENARIO_NAME": "Audited",
   "PRIORITY_ORDR_NUM": 1},
  {"TEMPLT_SECTOR_NAME": "HEALTH CARE Life Care",
   "SCENARIO_CD": "12",
   "SCENARIO_NAME": "Estimate",
   "PRIORITY_ORDR_NUM": 11},
  {"TEMPLT_SECTOR_NAME": "HEALTH CARE Life Care",
   "SCENARIO_CD": "PROFORMA",
   "SCENARIO_NAME": "Pro Forma",
   "PRIORITY_ORDR_NUM": 10},
  {"TEMPLT_SECTOR_NAME": "HEALTH CARE Life Care",
   "SCENARIO_CD": "PROJECTED",
   "SCENARIO_NAME": "Projected",
   "PRIORITY_ORDR_NUM": 9},
  {"TEMPLT_SECTOR_NAME": "HEALTH CARE Life Care",
   "SCENARIO_CD": "BUDGETED",
   "SCENARIO_NAME": "Budgeted",
   "PRIORITY_ORDR_NUM": 8},
  {"TEMPLT_SECTOR_NAME": "HEALTH CARE Life Care",
   "SCENARIO_CD": "DEMAND_DATA",
   "SCENARIO_NAME": "Demand data",
   "PRIORITY_ORDR_NUM": 7},
  {"TEMPLT_SECTOR_NAME": "HEALTH CARE Life Care",
   "SCENARIO_CD": "DATA_ONLY",
   "SCENARIO_NAME": "Data Only",
   "PRIORITY_ORDR_NUM": 6},
  {"TEMPLT_SECTOR_NAME": "HEALTH CARE Life Care",
   "SCENARIO_CD": "1",
   "SCENARIO_NAME": "Actual",
   "PRIORITY_ORDR_NUM": 5},
  {"TEMPLT_SECTOR_NAME": "HEALTH CARE Life Care",
   "SCENARIO_CD": "INTERNAL",
   "SCENARIO_NAME": "Internal",
   "PRIORITY_ORDR_NUM": 4},
  {"TEMPLT_SECTOR_NAME": "HEALTH CARE Life Care",
   "SCENARIO_CD": "INTERIM",
   "SCENARIO_NAME": "Interim",
   "PRIORITY_ORDR_NUM": 3},
  {"TEMPLT_SECTOR_NAME": "HEALTH CARE Life Care",
   "SCENARIO_CD": "UNAUDITED",
   "SCENARIO_NAME": "Unaudited",
   "PRIORITY_ORDR_NUM": 2},
  {"TEMPLT_SECTOR_NAME": "HEALTH CARE Life Care",
   "SCENARIO_CD": "AUDITED",
   "SCENARIO_NAME": "Audited",
   "PRIORITY_ORDR_NUM": 1},
  {"TEMPLT_SECTOR_NAME": "HOUSING Affordable Housing & Privatized Military",
   "SCENARIO_CD": "PROJECTED",
   "SCENARIO_NAME": "Projected",
   "PRIORITY_ORDR_NUM": 9},
  {"TEMPLT_SECTOR_NAME": "HOUSING Affordable Housing & Privatized Military",
   "SCENARIO_CD": "12",
   "SCENARIO_NAME": "Estimate",
   "PRIORITY_ORDR_NUM": 8},
  {"TEMPLT_SECTOR_NAME": "HOUSING Affordable Housing & Privatized Military",
   "SCENARIO_CD": "1",
   "SCENARIO_NAME": "Actual",
   "PRIORITY_ORDR_NUM": 7},
  {"TEMPLT_SECTOR_NAME": "HOUSING Affordable Housing & Privatized Military",
   "SCENARIO_CD": "BUDGETED",
   "SCENARIO_NAME": "Budgeted",
   "PRIORITY_ORDR_NUM": 6},
  {"TEMPLT_SECTOR_NAME": "HOUSING Affordable Housing & Privatized Military",
   "SCENARIO_CD": "PROFORMA",
   "SCENARIO_NAME": "Pro Forma",
   "PRIORITY_ORDR_NUM": 5},
  {"TEMPLT_SECTOR_NAME": "HOUSING Affordable Housing & Privatized Military",
   "SCENARIO_CD": "INTERIM",
   "SCENARIO_NAME": "Interim",
   "PRIORITY_ORDR_NUM": 4},
  {"TEMPLT_SECTOR_NAME": "HOUSING Affordable Housing & Privatized Military",
   "SCENARIO_CD": "UNAUDITED",
   "SCENARIO_NAME": "Unaudited",
   "PRIORITY_ORDR_NUM": 3},
  {"TEMPLT_SECTOR_NAME": "HOUSING Affordable Housing & Privatized Military",
   "SCENARIO_CD": "ANUALIZED",
   "SCENARIO_NAME": "Annualized",
   "PRIORITY_ORDR_NUM": 2},
  {"TEMPLT_SECTOR_NAME": "HOUSING Affordable Housing & Privatized Military",
   "SCENARIO_CD": "AUDITED",
   "SCENARIO_NAME": "Audited",
   "PRIORITY_ORDR_NUM": 1},
  {"TEMPLT_SECTOR_NAME": "HOUSING Capital Fund",
   "SCENARIO_CD": "UNAUDITED",
   "SCENARIO_NAME": "Unaudited",
   "PRIORITY_ORDR_NUM": 2},
  {"TEMPLT_SECTOR_NAME": "HOUSING Capital Fund",
   "SCENARIO_CD": "AUDITED",
   "SCENARIO_NAME": "Audited",
   "PRIORITY_ORDR_NUM": 1},
  {"TEMPLT_SECTOR_NAME": "HOUSING Federally Enhanced Housing Security",
   "SCENARIO_CD": "PROFORMA",
   "SCENARIO_NAME": "Pro Forma",
   "PRIORITY_ORDR_NUM": 3},
  {"TEMPLT_SECTOR_NAME": "HOUSING Federally Enhanced Housing Security",
   "SCENARIO_CD": "UNAUDITED",
   "SCENARIO_NAME": "Unaudited",
   "PRIORITY_ORDR_NUM": 2},
  {"TEMPLT_SECTOR_NAME": "HOUSING Federally Enhanced Housing Security",
   "SCENARIO_CD": "AUDITED",
   "SCENARIO_NAME": "Audited",
   "PRIORITY_ORDR_NUM": 1},
  {"TEMPLT_SECTOR_NAME": "HOUSING HFA/ SELO ICR",
   "SCENARIO_CD": "UNAUDITED",
   "SCENARIO_NAME": "Unaudited",
   "PRIORITY_ORDR_NUM": 3},
  {"TEMPLT_SECTOR_NAME": "HOUSING HFA/ SELO ICR",
   "SCENARIO_CD": "PROFORMA",
   "SCENARIO_NAME": "Pro Forma",
   "PRIORITY_ORDR_NUM": 2},
  {"TEMPLT_SECTOR_NAME": "HOUSING HFA/ SELO ICR",
   "SCENARIO_CD": "AUDITED",
   "SCENARIO_NAME": "Audited",
   "PRIORITY_ORDR_NUM": 1},
  {"TEMPLT_SECTOR_NAME": "HOUSING Multi-Family Pool",
   "SCENARIO_CD": "1",
   "SCENARIO_NAME": "Actual",
   "PRIORITY_ORDR_NUM": 4},
  {"TEMPLT_SECTOR_NAME": "HOUSING Multi-Family Pool",
   "SCENARIO_CD": "PROFORMA",
   "SCENARIO_NAME": "Pro Forma",
   "PRIORITY_ORDR_NUM": 3},
  {"TEMPLT_SECTOR_NAME": "HOUSING Multi-Family Pool",
   "SCENARIO_CD": "UNAUDITED",
   "SCENARIO_NAME": "Unaudited",
   "PRIORITY_ORDR_NUM": 2},
  {"TEMPLT_SECTOR_NAME": "HOUSING Multi-Family Pool",
   "SCENARIO_CD": "AUDITED",
   "SCENARIO_NAME": "Audited",
   "PRIORITY_ORDR_NUM": 1},
  {"TEMPLT_SECTOR_NAME": "HOUSING Public Housing Authority ICR",
   "SCENARIO_CD": "1",
   "SCENARIO_NAME": "Actual",
   "PRIORITY_ORDR_NUM": 3},
  {"TEMPLT_SECTOR_NAME": "HOUSING Public Housing Authority ICR",
   "SCENARIO_CD": "UNAUDITED",
   "SCENARIO_NAME": "Unaudited",
   "PRIORITY_ORDR_NUM": 2},
  {"TEMPLT_SECTOR_NAME": "HOUSING Public Housing Authority ICR",
   "SCENARIO_CD": "AUDITED",
   "SCENARIO_NAME": "Audited",
   "PRIORITY_ORDR_NUM": 1},
  {"TEMPLT_SECTOR_NAME": "HOUSING Whole Loan",
   "SCENARIO_CD": "12",
   "SCENARIO_NAME": "Estimate",
   "PRIORITY_ORDR_NUM": 3},
  {"TEMPLT_SECTOR_NAME": "HOUSING Whole Loan",
   "SCENARIO_CD": "UNAUDITED",
   "SCENARIO_NAME": "Unaudited",
   "PRIORITY_ORDR_NUM": 2},
  {"TEMPLT_SECTOR_NAME": "HOUSING Whole Loan",
   "SCENARIO_CD": "AUDITED",
   "SCENARIO_NAME": "Audited",
   "PRIORITY_ORDR_NUM": 1},
  {"TEMPLT_SECTOR_NAME": "HUMAN SERVICE PROVIDER",
   "SCENARIO_CD": "12",
   "SCENARIO_NAME": "Estimate",
   "PRIORITY_ORDR_NUM": 11},
  {"TEMPLT_SECTOR_NAME": "HUMAN SERVICE PROVIDER",
   "SCENARIO_CD": "PROFORMA",
   "SCENARIO_NAME": "Pro Forma",
   "PRIORITY_ORDR_NUM": 10},
  {"TEMPLT_SECTOR_NAME": "HUMAN SERVICE PROVIDER",
   "SCENARIO_CD": "PROJECTED",
   "SCENARIO_NAME": "Projected",
   "PRIORITY_ORDR_NUM": 9},
  {"TEMPLT_SECTOR_NAME": "HUMAN SERVICE PROVIDER",
   "SCENARIO_CD": "BUDGETED",
   "SCENARIO_NAME": "Budgeted",
   "PRIORITY_ORDR_NUM": 8},
  {"TEMPLT_SECTOR_NAME": "HUMAN SERVICE PROVIDER",
   "SCENARIO_CD": "DEMAND_DATA",
   "SCENARIO_NAME": "Demand data",
   "PRIORITY_ORDR_NUM": 7},
  {"TEMPLT_SECTOR_NAME": "HUMAN SERVICE PROVIDER",
   "SCENARIO_CD": "DATA_ONLY",
   "SCENARIO_NAME": "Data Only",
   "PRIORITY_ORDR_NUM": 6},
  {"TEMPLT_SECTOR_NAME": "HUMAN SERVICE PROVIDER",
   "SCENARIO_CD": "1",
   "SCENARIO_NAME": "Actual",
   "PRIORITY_ORDR_NUM": 5},
  {"TEMPLT_SECTOR_NAME": "HUMAN SERVICE PROVIDER",
   "SCENARIO_CD": "INTERNAL",
   "SCENARIO_NAME": "Internal",
   "PRIORITY_ORDR_NUM": 4},
  {"TEMPLT_SECTOR_NAME": "HUMAN SERVICE PROVIDER",
   "SCENARIO_CD": "INTERIM",
   "SCENARIO_NAME": "Interim",
   "PRIORITY_ORDR_NUM": 3},
  {"TEMPLT_SECTOR_NAME": "HUMAN SERVICE PROVIDER",
   "SCENARIO_CD": "UNAUDITED",
   "SCENARIO_NAME": "Unaudited",
   "PRIORITY_ORDR_NUM": 2},
  {"TEMPLT_SECTOR_NAME": "HUMAN SERVICE PROVIDER",
   "SCENARIO_CD": "AUDITED",
   "SCENARIO_NAME": "Audited",
   "PRIORITY_ORDR_NUM": 1},
  {"TEMPLT_SECTOR_NAME": "LONG-TERM MUNICIPAL POOL",
   "SCENARIO_CD": "DATA_ONLY",
   "SCENARIO_NAME": "Data Only",
   "PRIORITY_ORDR_NUM": 7},
  {"TEMPLT_SECTOR_NAME": "LONG-TERM MUNICIPAL POOL",
   "SCENARIO_CD": "DEMAND_DATA",
   "SCENARIO_NAME": "Demand data",
   "PRIORITY_ORDR_NUM": 6},
  {"TEMPLT_SECTOR_NAME": "LONG-TERM MUNICIPAL POOL",
   "SCENARIO_CD": "PROJECTED",
   "SCENARIO_NAME": "Projected",
   "PRIORITY_ORDR_NUM": 5},
  {"TEMPLT_SECTOR_NAME": "LONG-TERM MUNICIPAL POOL",
   "SCENARIO_CD": "BUDGETED",
   "SCENARIO_NAME": "Budgeted",
   "PRIORITY_ORDR_NUM": 4},
  {"TEMPLT_SECTOR_NAME": "LONG-TERM MUNICIPAL POOL",
   "SCENARIO_CD": "UNAUDITED",
   "SCENARIO_NAME": "Unaudited",
   "PRIORITY_ORDR_NUM": 3},
  {"TEMPLT_SECTOR_NAME": "LONG-TERM MUNICIPAL POOL",
   "SCENARIO_CD": "INITIAL_AUDIT",
   "SCENARIO_NAME": "Initial Audit",
   "PRIORITY_ORDR_NUM": 2},
  {"TEMPLT_SECTOR_NAME": "LONG-TERM MUNICIPAL POOL",
   "SCENARIO_CD": "AUDITED",
   "SCENARIO_NAME": "Audited",
   "PRIORITY_ORDR_NUM": 1},
  {"TEMPLT_SECTOR_NAME": "Off Balance Sheet Housing",
   "SCENARIO_CD": "DATA_ONLY",
   "SCENARIO_NAME": "Data Only",
   "PRIORITY_ORDR_NUM": 7},
  {"TEMPLT_SECTOR_NAME": "Off Balance Sheet Housing",
   "SCENARIO_CD": "PROJECTED",
   "SCENARIO_NAME": "Projected",
   "PRIORITY_ORDR_NUM": 6},
  {"TEMPLT_SECTOR_NAME": "Off Balance Sheet Housing",
   "SCENARIO_CD": "INTERIM",
   "SCENARIO_NAME": "Interim",
   "PRIORITY_ORDR_NUM": 5},
  {"TEMPLT_SECTOR_NAME": "Off Balance Sheet Housing",
   "SCENARIO_CD": "12",
   "SCENARIO_NAME": "Estimate",
   "PRIORITY_ORDR_NUM": 4},
  {"TEMPLT_SECTOR_NAME": "Off Balance Sheet Housing",
   "SCENARIO_CD": "DEMAND_DATA",
   "SCENARIO_NAME": "Demand data",
   "PRIORITY_ORDR_NUM": 3},
  {"TEMPLT_SECTOR_NAME": "Off Balance Sheet Housing",
   "SCENARIO_CD": "UNAUDITED",
   "SCENARIO_NAME": "Unaudited",
   "PRIORITY_ORDR_NUM": 2},
  {"TEMPLT_SECTOR_NAME": "Off Balance Sheet Housing",
   "SCENARIO_CD": "AUDITED",
   "SCENARIO_NAME": "Audited",
   "PRIORITY_ORDR_NUM": 1},
  {"TEMPLT_SECTOR_NAME": "PENSION FUND",
   "SCENARIO_CD": "UNAUDITED",
   "SCENARIO_NAME": "Unaudited",
   "PRIORITY_ORDR_NUM": 2},
  {"TEMPLT_SECTOR_NAME": "PENSION FUND",
   "SCENARIO_CD": "AUDITED",
   "SCENARIO_NAME": "Audited",
   "PRIORITY_ORDR_NUM": 1},
  {"TEMPLT_SECTOR_NAME": "PRIORITY LIEN",
   "SCENARIO_CD": "DATA_ONLY",
   "SCENARIO_NAME": "Data Only",
   "PRIORITY_ORDR_NUM": 5},
  {"TEMPLT_SECTOR_NAME": "PRIORITY LIEN",
   "SCENARIO_CD": "BUDGETED",
   "SCENARIO_NAME": "Budgeted",
   "PRIORITY_ORDR_NUM": 4},
  {"TEMPLT_SECTOR_NAME": "PRIORITY LIEN",
   "SCENARIO_CD": "PROJECTED",
   "SCENARIO_NAME": "Projected",
   "PRIORITY_ORDR_NUM": 3},
  {"TEMPLT_SECTOR_NAME": "PRIORITY LIEN",
   "SCENARIO_CD": "UNAUDITED",
   "SCENARIO_NAME": "Unaudited",
   "PRIORITY_ORDR_NUM": 2},
  {"TEMPLT_SECTOR_NAME": "PRIORITY LIEN",
   "SCENARIO_CD": "AUDITED",
   "SCENARIO_NAME": "Audited",
   "PRIORITY_ORDR_NUM": 1},
  {"TEMPLT_SECTOR_NAME": "PROJECT AREA",
   "SCENARIO_CD": "DATA_ONLY",
   "SCENARIO_NAME": "Data Only",
   "PRIORITY_ORDR_NUM": 5},
  {"TEMPLT_SECTOR_NAME": "PROJECT AREA",
   "SCENARIO_CD": "BUDGETED",
   "SCENARIO_NAME": "Budgeted",
   "PRIORITY_ORDR_NUM": 4},
  {"TEMPLT_SECTOR_NAME": "PROJECT AREA",
   "SCENARIO_CD": "PROJECTED",
   "SCENARIO_NAME": "Projected",
   "PRIORITY_ORDR_NUM": 3},
  {"TEMPLT_SECTOR_NAME": "PROJECT AREA",
   "SCENARIO_CD": "UNAUDITED",
   "SCENARIO_NAME": "Unaudited",
   "PRIORITY_ORDR_NUM": 2},
  {"TEMPLT_SECTOR_NAME": "PROJECT AREA",
   "SCENARIO_CD": "AUDITED",
   "SCENARIO_NAME": "Audited",
   "PRIORITY_ORDR_NUM": 1},
  {"TEMPLT_SECTOR_NAME": "PUBLIC POWER",
   "SCENARIO_CD": "PROJECTED",
   "SCENARIO_NAME": "Projected",
   "PRIORITY_ORDR_NUM": 7},
  {"TEMPLT_SECTOR_NAME": "PUBLIC POWER",
   "SCENARIO_CD": "BUDGETED",
   "SCENARIO_NAME": "Budgeted",
   "PRIORITY_ORDR_NUM": 6},
  {"TEMPLT_SECTOR_NAME": "PUBLIC POWER",
   "SCENARIO_CD": "DATA_ONLY",
   "SCENARIO_NAME": "Data Only",
   "PRIORITY_ORDR_NUM": 5},
  {"TEMPLT_SECTOR_NAME": "PUBLIC POWER",
   "SCENARIO_CD": "DEMAND_DATA",
   "SCENARIO_NAME": "Demand data",
   "PRIORITY_ORDR_NUM": 4},
  {"TEMPLT_SECTOR_NAME": "PUBLIC POWER",
   "SCENARIO_CD": "UNAUDITED",
   "SCENARIO_NAME": "Unaudited",
   "PRIORITY_ORDR_NUM": 3},
  {"TEMPLT_SECTOR_NAME": "PUBLIC POWER",
   "SCENARIO_CD": "INITIAL_AUDIT",
   "SCENARIO_NAME": "Initial Audit",
   "PRIORITY_ORDR_NUM": 2},
  {"TEMPLT_SECTOR_NAME": "PUBLIC POWER",
   "SCENARIO_CD": "AUDITED",
   "SCENARIO_NAME": "Audited",
   "PRIORITY_ORDR_NUM": 1},
  {"TEMPLT_SECTOR_NAME": "PUBLIC POWER Cooperative",
   "SCENARIO_CD": "PROJECTED",
   "SCENARIO_NAME": "Projected",
   "PRIORITY_ORDR_NUM": 3},
  {"TEMPLT_SECTOR_NAME": "PUBLIC POWER Cooperative",
   "SCENARIO_CD": "UNAUDITED",
   "SCENARIO_NAME": "Unaudited",
   "PRIORITY_ORDR_NUM": 2},
  {"TEMPLT_SECTOR_NAME": "PUBLIC POWER Cooperative",
   "SCENARIO_CD": "AUDITED",
   "SCENARIO_NAME": "Audited",
   "PRIORITY_ORDR_NUM": 1},
  {"TEMPLT_SECTOR_NAME": "SHORT TERM DEBT",
   "SCENARIO_CD": "DATA_ONLY",
   "SCENARIO_NAME": "Data Only",
   "PRIORITY_ORDR_NUM": 5},
  {"TEMPLT_SECTOR_NAME": "SHORT TERM DEBT",
   "SCENARIO_CD": "BUDGETED",
   "SCENARIO_NAME": "Budgeted",
   "PRIORITY_ORDR_NUM": 4},
  {"TEMPLT_SECTOR_NAME": "SHORT TERM DEBT",
   "SCENARIO_CD": "PROJECTED",
   "SCENARIO_NAME": "Projected",
   "PRIORITY_ORDR_NUM": 3},
  {"TEMPLT_SECTOR_NAME": "SHORT TERM DEBT",
   "SCENARIO_CD": "UNAUDITED",
   "SCENARIO_NAME": "Unaudited",
   "PRIORITY_ORDR_NUM": 2},
  {"TEMPLT_SECTOR_NAME": "SHORT TERM DEBT",
   "SCENARIO_CD": "AUDITED",
   "SCENARIO_NAME": "Audited",
   "PRIORITY_ORDR_NUM": 1},
  {"TEMPLT_SECTOR_NAME": "SIMPLE COVERAGE",
   "SCENARIO_CD": "DATA_ONLY",
   "SCENARIO_NAME": "Data Only",
   "PRIORITY_ORDR_NUM": 5},
  {"TEMPLT_SECTOR_NAME": "SIMPLE COVERAGE",
   "SCENARIO_CD": "BUDGETED",
   "SCENARIO_NAME": "Budgeted",
   "PRIORITY_ORDR_NUM": 4},
  {"TEMPLT_SECTOR_NAME": "SIMPLE COVERAGE",
   "SCENARIO_CD": "PROJECTED",
   "SCENARIO_NAME": "Projected",
   "PRIORITY_ORDR_NUM": 3},
  {"TEMPLT_SECTOR_NAME": "SIMPLE COVERAGE",
   "SCENARIO_CD": "UNAUDITED",
   "SCENARIO_NAME": "Unaudited",
   "PRIORITY_ORDR_NUM": 2},
  {"TEMPLT_SECTOR_NAME": "SIMPLE COVERAGE",
   "SCENARIO_CD": "AUDITED",
   "SCENARIO_NAME": "Audited",
   "PRIORITY_ORDR_NUM": 1},
  {"TEMPLT_SECTOR_NAME": "SPECIAL ASSESSMENT",
   "SCENARIO_CD": "DATA_ONLY",
   "SCENARIO_NAME": "Data Only",
   "PRIORITY_ORDR_NUM": 5},
  {"TEMPLT_SECTOR_NAME": "SPECIAL ASSESSMENT",
   "SCENARIO_CD": "BUDGETED",
   "SCENARIO_NAME": "Budgeted",
   "PRIORITY_ORDR_NUM": 4},
  {"TEMPLT_SECTOR_NAME": "SPECIAL ASSESSMENT",
   "SCENARIO_CD": "PROJECTED",
   "SCENARIO_NAME": "Projected",
   "PRIORITY_ORDR_NUM": 3},
  {"TEMPLT_SECTOR_NAME": "SPECIAL ASSESSMENT",
   "SCENARIO_CD": "UNAUDITED",
   "SCENARIO_NAME": "Unaudited",
   "PRIORITY_ORDR_NUM": 2},
  {"TEMPLT_SECTOR_NAME": "SPECIAL ASSESSMENT",
   "SCENARIO_CD": "AUDITED",
   "SCENARIO_NAME": "Audited",
   "PRIORITY_ORDR_NUM": 1},
  {"TEMPLT_SECTOR_NAME": "State Withholding-Intercept Program",
   "SCENARIO_CD": "DATA_ONLY",
   "SCENARIO_NAME": "Data Only",
   "PRIORITY_ORDR_NUM": 5},
  {"TEMPLT_SECTOR_NAME": "State Withholding-Intercept Program",
   "SCENARIO_CD": "BUDGETED",
   "SCENARIO_NAME": "Budgeted",
   "PRIORITY_ORDR_NUM": 4},
  {"TEMPLT_SECTOR_NAME": "State Withholding-Intercept Program",
   "SCENARIO_CD": "PROJECTED",
   "SCENARIO_NAME": "Projected",
   "PRIORITY_ORDR_NUM": 3},
  {"TEMPLT_SECTOR_NAME": "State Withholding-Intercept Program",
   "SCENARIO_CD": "UNAUDITED",
   "SCENARIO_NAME": "Unaudited",
   "PRIORITY_ORDR_NUM": 2},
  {"TEMPLT_SECTOR_NAME": "State Withholding-Intercept Program",
   "SCENARIO_CD": "AUDITED",
   "SCENARIO_NAME": "Audited",
   "PRIORITY_ORDR_NUM": 1},
  {"TEMPLT_SECTOR_NAME": "TAX INCREMENT",
   "SCENARIO_CD": "DATA_ONLY",
   "SCENARIO_NAME": "Data Only",
   "PRIORITY_ORDR_NUM": 5},
  {"TEMPLT_SECTOR_NAME": "TAX INCREMENT",
   "SCENARIO_CD": "BUDGETED",
   "SCENARIO_NAME": "Budgeted",
   "PRIORITY_ORDR_NUM": 4},
  {"TEMPLT_SECTOR_NAME": "TAX INCREMENT",
   "SCENARIO_CD": "PROJECTED",
   "SCENARIO_NAME": "Projected",
   "PRIORITY_ORDR_NUM": 3},
  {"TEMPLT_SECTOR_NAME": "TAX INCREMENT",
   "SCENARIO_CD": "UNAUDITED",
   "SCENARIO_NAME": "Unaudited",
   "PRIORITY_ORDR_NUM": 2},
  {"TEMPLT_SECTOR_NAME": "TAX INCREMENT",
   "SCENARIO_CD": "AUDITED",
   "SCENARIO_NAME": "Audited",
   "PRIORITY_ORDR_NUM": 1},
  {"TEMPLT_SECTOR_NAME": "TRANSP Grants",
   "SCENARIO_CD": "PROFORMA",
   "SCENARIO_NAME": "Pro Forma",
   "PRIORITY_ORDR_NUM": 9},
  {"TEMPLT_SECTOR_NAME": "TRANSP Grants",
   "SCENARIO_CD": "PROJECTED",
   "SCENARIO_NAME": "Projected",
   "PRIORITY_ORDR_NUM": 8},
  {"TEMPLT_SECTOR_NAME": "TRANSP Grants",
   "SCENARIO_CD": "BUDGETED",
   "SCENARIO_NAME": "Budgeted",
   "PRIORITY_ORDR_NUM": 7},
  {"TEMPLT_SECTOR_NAME": "TRANSP Grants",
   "SCENARIO_CD": "DEMAND_DATA",
   "SCENARIO_NAME": "Demand data",
   "PRIORITY_ORDR_NUM": 6},
  {"TEMPLT_SECTOR_NAME": "TRANSP Grants",
   "SCENARIO_CD": "DATA_ONLY",
   "SCENARIO_NAME": "Data Only",
   "PRIORITY_ORDR_NUM": 5},
  {"TEMPLT_SECTOR_NAME": "TRANSP Grants",
   "SCENARIO_CD": "12",
   "SCENARIO_NAME": "Estimate",
   "PRIORITY_ORDR_NUM": 4},
  {"TEMPLT_SECTOR_NAME": "TRANSP Grants",
   "SCENARIO_CD": "1",
   "SCENARIO_NAME": "Actual",
   "PRIORITY_ORDR_NUM": 3},
  {"TEMPLT_SECTOR_NAME": "TRANSP Grants",
   "SCENARIO_CD": "UNAUDITED",
   "SCENARIO_NAME": "Unaudited",
   "PRIORITY_ORDR_NUM": 2},
  {"TEMPLT_SECTOR_NAME": "TRANSP Grants",
   "SCENARIO_CD": "AUDITED",
   "SCENARIO_NAME": "Audited",
   "PRIORITY_ORDR_NUM": 1},
  {"TEMPLT_SECTOR_NAME": "TRANSP Infrastructure Enterprise",
   "SCENARIO_CD": "PROFORMA",
   "SCENARIO_NAME": "Pro Forma",
   "PRIORITY_ORDR_NUM": 8},
  {"TEMPLT_SECTOR_NAME": "TRANSP Infrastructure Enterprise",
   "SCENARIO_CD": "BUDGETED",
   "SCENARIO_NAME": "Budgeted",
   "PRIORITY_ORDR_NUM": 7},
  {"TEMPLT_SECTOR_NAME": "TRANSP Infrastructure Enterprise",
   "SCENARIO_CD": "DEMAND_DATA",
   "SCENARIO_NAME": "Demand data",
   "PRIORITY_ORDR_NUM": 6},
  {"TEMPLT_SECTOR_NAME": "TRANSP Infrastructure Enterprise",
   "SCENARIO_CD": "DATA_ONLY",
   "SCENARIO_NAME": "Data Only",
   "PRIORITY_ORDR_NUM": 5},
  {"TEMPLT_SECTOR_NAME": "TRANSP Infrastructure Enterprise",
   "SCENARIO_CD": "12",
   "SCENARIO_NAME": "Estimate",
   "PRIORITY_ORDR_NUM": 4},
  {"TEMPLT_SECTOR_NAME": "TRANSP Infrastructure Enterprise",
   "SCENARIO_CD": "1",
   "SCENARIO_NAME": "Actual",
   "PRIORITY_ORDR_NUM": 3},
  {"TEMPLT_SECTOR_NAME": "TRANSP Infrastructure Enterprise",
   "SCENARIO_CD": "UNAUDITED",
   "SCENARIO_NAME": "Unaudited",
   "PRIORITY_ORDR_NUM": 2},
  {"TEMPLT_SECTOR_NAME": "TRANSP Infrastructure Enterprise",
   "SCENARIO_CD": "AUDITED",
   "SCENARIO_NAME": "Audited",
   "PRIORITY_ORDR_NUM": 1},
  {"TEMPLT_SECTOR_NAME": "WATER SEWER",
   "SCENARIO_CD": "DATA_ONLY",
   "SCENARIO_NAME": "Data Only",
   "PRIORITY_ORDR_NUM": 7},
  {"TEMPLT_SECTOR_NAME": "WATER SEWER",
   "SCENARIO_CD": "DEMAND_DATA",
   "SCENARIO_NAME": "Demand data",
   "PRIORITY_ORDR_NUM": 6},
  {"TEMPLT_SECTOR_NAME": "WATER SEWER",
   "SCENARIO_CD": "PROJECTED",
   "SCENARIO_NAME": "Projected",
   "PRIORITY_ORDR_NUM": 5},
  {"TEMPLT_SECTOR_NAME": "WATER SEWER",
   "SCENARIO_CD": "BUDGETED",
   "SCENARIO_NAME": "Budgeted",
   "PRIORITY_ORDR_NUM": 4},
  {"TEMPLT_SECTOR_NAME": "WATER SEWER",
   "SCENARIO_CD": "UNAUDITED",
   "SCENARIO_NAME": "Unaudited",
   "PRIORITY_ORDR_NUM": 3},
  {"TEMPLT_SECTOR_NAME": "WATER SEWER",
   "SCENARIO_CD": "INITIAL_AUDIT",
   "SCENARIO_NAME": "Initial Audit",
   "PRIORITY_ORDR_NUM": 2},
  {"TEMPLT_SECTOR_NAME": "WATER SEWER",
   "SCENARIO_CD": "AUDITED",
   "SCENARIO_NAME": "Audited",
   "PRIORITY_ORDR_NUM": 1}]