TEMPLT_SECTOR_NAME,SCENARIO_CD,SCENARIO_NAME,PRIORITY_ORDR_NUM,
CHARTER SCHOOL,DATA_ONLY,Data Only,10,
CHARTER SCHOOL,INTERNAL,Internal,9,
CHARTER SCHOOL,PROFORMA,Pro Forma,8,
CHARTER SCHOOL,PROJECTED,Projected,7,
CHARTER SCHOOL,INTERIM,Interim,6,
CHARTER SCHOOL,12,Estimate,5,
CHARTER SCHOOL,DEMAND_DATA,Demand data,4,
CHARTER SCHOOL,BUDGETED,Budgeted,3,
CHARTER SCHOOL,UNAUDITED,Unaudited,2,
CHARTER SCHOOL,AUDITED,Audited,1,
EDUCATION Enterprises,DATA_ONLY,Data Only,7,
EDUCATION Enterprises,PROJECTED,Projected,6,
EDUCATION Enterprises,INTERIM,Interim,5,
EDUCATION Enterprises,12,Estimate,4,
EDUCATION Enterprises,DEMAND_DATA,Demand data,3,
EDUCATION Enterprises,UNAUDITED,Unaudited,2,
EDUCATION Enterprises,AUDITED,Audited,1,
EDUCATION Non-Profit,PROJECTED,Projected,4,
EDUCATION Non-Profit,DEMAND_DATA,Demand data,3,
EDUCATION Non-Profit,UNAUDITED,Unaudited,2,
EDUCATION Non-Profit,AUDITED,Audited,1,
G O Municipality & County,DATA_ONLY,Data Only,5,
G O Municipality & County,BUDGETED,Budgeted,4,
G O Municipality & County,PROJECTED,Projected,3,
G O Municipality & County,UNAUDITED,Unaudited,2,
G O Municipality & County,AUDITED,Audited,1,
G O School District,DATA_ONLY,Data Only,5,
G O School District,BUDGETED,Budgeted,4,
G O School District,PROJECTED,Projected,3,
G O School District,UNAUDITED,Unaudited,2,
G O School District,AUDITED,Audited,1,
G O State,PROFORMA,Pro Forma,9,
G O State,PROJECTED,Projected,8,
G O State,BUDGETED,Budgeted,7,
G O State,DEMAND_DATA,Demand data,6,
G O State,DATA_ONLY,Data Only,5,
G O State,12,Estimate,4,
G O State,1,Actual,3,
G O State,UNAUDITED,Unaudited,2,
G O State,AUDITED,Audited,1,
HEALTH CARE Acute,12,Estimate,11,Lowest
HEALTH CARE Acute,PROFORMA,Pro Forma,10,
HEALTH CARE Acute,PROJECTED,Projected,9,
HEALTH CARE Acute,BUDGETED,Budgeted,8,
HEALTH CARE Acute,DEMAND_DATA,Demand data,7,
HEALTH CARE Acute,DATA_ONLY,Data Only,6,
HEALTH CARE Acute,1,Actual,5,
HEALTH CARE Acute,INTERNAL,Internal,4,
HEALTH CARE Acute,INTERIM,Interim,3,
HEALTH CARE Acute,UNAUDITED,Unaudited,2,
HEALTH CARE Acute,AUDITED,Audited,1,Highest
HEALTH CARE Life Care,12,Estimate,11,
HEALTH CARE Life Care,PROFORMA,Pro Forma,10,
HEALTH CARE Life Care,PROJECTED,Projected,9,
HEALTH CARE Life Care,BUDGETED,Budgeted,8,
HEALTH CARE Life Care,DEMAND_DATA,Demand data,7,
HEALTH CARE Life Care,DATA_ONLY,Data Only,6,
HEALTH CARE Life Care,1,Actual,5,
HEALTH CARE Life Care,INTERNAL,Internal,4,
HEALTH CARE Life Care,INTERIM,Interim,3,
HEALTH CARE Life Care,UNAUDITED,Unaudited,2,
HEALTH CARE Life Care,AUDITED,Audited,1,
HOUSING Affordable Housing & Privatized Military,PROJECTED,Projected,9,
HOUSING Affordable Housing & Privatized Military,12,Estimate,8,
HOUSING Affordable Housing & Privatized Military,1,Actual,7,
HOUSING Affordable Housing & Privatized Military,BUDGETED,Budgeted,6,
HOUSING Affordable Housing & Privatized Military,PROFORMA,Pro Forma,5,
HOUSING Affordable Housing & Privatized Military,INTERIM,Interim,4,
HOUSING Affordable Housing & Privatized Military,UNAUDITED,Unaudited,3,
HOUSING Affordable Housing & Privatized Military,ANUALIZED,Annualized,2,
HOUSING Affordable Housing & Privatized Military,AUDITED,Audited,1,
HOUSING Capital Fund,UNAUDITED,Unaudited,2,
HOUSING Capital Fund,AUDITED,Audited,1,
HOUSING Federally Enhanced Housing Security,PROFORMA,Pro Forma,3,
HOUSING Federally Enhanced Housing Security,UNAUDITED,Unaudited,2,
HOUSING Federally Enhanced Housing Security,AUDITED,Audited,1,
HOUSING HFA/ SELO ICR,UNAUDITED,Unaudited,3,
HOUSING HFA/ SELO ICR,PROFORMA,Pro Forma,2,
HOUSING HFA/ SELO ICR,AUDITED,Audited,1,
HOUSING Multi-Family Pool,1,Actual,4,
HOUSING Multi-Family Pool,PROFORMA,Pro Forma,3,
HOUSING Multi-Family Pool,UNAUDITED,Unaudited,2,
HOUSING Multi-Family Pool,AUDITED,Audited,1,
HOUSING Public Housing Authority ICR,1,Actual,3,
HOUSING Public Housing Authority ICR,UNAUDITED,Unaudited,2,
HOUSING Public Housing Authority ICR,AUDITED,Audited,1,
HOUSING Whole Loan,12,Estimate,3,
HOUSING Whole Loan,UNAUDITED,Unaudited,2,
HOUSING Whole Loan,AUDITED,Audited,1,
HUMAN SERVICE PROVIDER,12,Estimate,11,
HUMAN SERVICE PROVIDER,PROFORMA,Pro Forma,10,
HUMAN SERVICE PROVIDER,PROJECTED,Projected,9,
HUMAN SERVICE PROVIDER,BUDGETED,Budgeted,8,
HUMAN SERVICE PROVIDER,DEMAND_DATA,Demand data,7,
HUMAN SERVICE PROVIDER,DATA_ONLY,Data Only,6,
HUMAN SERVICE PROVIDER,1,Actual,5,
HUMAN SERVICE PROVIDER,INTERNAL,Internal,4,
HUMAN SERVICE PROVIDER,INTERIM,Interim,3,
HUMAN SERVICE PROVIDER,UNAUDITED,Unaudited,2,
HUMAN SERVICE PROVIDER,AUDITED,Audited,1,
LONG-TERM MUNICIPAL POOL,DATA_ONLY,Data Only,7,
LONG-TERM MUNICIPAL POOL,DEMAND_DATA,Demand data,6,
LONG-TERM MUNICIPAL POOL,PROJECTED,Projected,5,
LONG-TERM MUNICIPAL POOL,BUDGETED,Budgeted,4,
LONG-TERM MUNICIPAL POOL,UNAUDITED,Unaudited,3,
LONG-TERM MUNICIPAL POOL,INITIAL_AUDIT,Initial Audit,2,
LONG-TERM MUNICIPAL POOL,AUDITED,Audited,1,
Off Balance Sheet Housing,DATA_ONLY,Data Only,7,
Off Balance Sheet Housing,PROJECTED,Projected,6,
Off Balance Sheet Housing,INTERIM,Interim,5,
Off Balance Sheet Housing,12,Estimate,4,
Off Balance Sheet Housing,DEMAND_DATA,Demand data,3,
Off Balance Sheet Housing,UNAUDITED,Unaudited,2,
Off Balance Sheet Housing,AUDITED,Audited,1,
PENSION FUND,UNAUDITED,Unaudited,2,
PENSION FUND,AUDITED,Audited,1,
PRIORITY LIEN,DATA_ONLY,Data Only,5,
PRIORITY LIEN,BUDGETED,Budgeted,4,
PRIORITY LIEN,PROJECTED,Projected,3,
PRIORITY LIEN,UNAUDITED,Unaudited,2,
PRIORITY LIEN,AUDITED,Audited,1,
PROJECT AREA,DATA_ONLY,Data Only,5,
PROJECT AREA,BUDGETED,Budgeted,4,
PROJECT AREA,PROJECTED,Projected,3,
PROJECT AREA,UNAUDITED,Unaudited,2,
PROJECT AREA,AUDITED,Audited,1,
PUBLIC POWER,PROJECTED,Projected,7,
PUBLIC POWER,BUDGETED,Budgeted,6,
PUBLIC POWER,DATA_ONLY,Data Only,5,
PUBLIC POWER,DEMAND_DATA,Demand data,4,
PUBLIC POWER,UNAUDITED,Unaudited,3,
PUBLIC POWER,INITIAL_AUDIT,Initial Audit,2,
PUBLIC POWER,AUDITED,Audited,1,
PUBLIC POWER Cooperative,PROJECTED,Projected,3,
PUBLIC POWER Cooperative,UNAUDITED,Unaudited,2,
PUBLIC POWER Cooperative,AUDITED,Audited,1,
SHORT TERM DEBT,DATA_ONLY,Data Only,5,
SHORT TERM DEBT,BUDGETED,Budgeted,4,
SHORT TERM DEBT,PROJECTED,Projected,3,
SHORT TERM DEBT,UNAUDITED,Unaudited,2,
SHORT TERM DEBT,AUDITED,Audited,1,
SIMPLE COVERAGE,DATA_ONLY,Data Only,5,
SIMPLE COVERAGE,BUDGETED,Budgeted,4,
SIMPLE COVERAGE,PROJECTED,Projected,3,
SIMPLE COVERAGE,UNAUDITED,Unaudited,2,
SIMPLE COVERAGE,AUDITED,Audited,1,
SPECIAL ASSESSMENT,DATA_ONLY,Data Only,5,
SPECIAL ASSESSMENT,BUDGETED,Budgeted,4,
SPECIAL ASSESSMENT,PROJECTED,Projected,3,
SPECIAL ASSESSMENT,UNAUDITED,Unaudited,2,
SPECIAL ASSESSMENT,AUDITED,Audited,1,
State Withholding-Intercept Program,DATA_ONLY,Data Only,5,
State Withholding-Intercept Program,BUDGETED,Budgeted,4,
State Withholding-Intercept Program,PROJECTED,Projected,3,
State Withholding-Intercept Program,UNAUDITED,Unaudited,2,
State Withholding-Intercept Program,AUDITED,Audited,1,
TAX INCREMENT,DATA_ONLY,Data Only,5,
TAX INCREMENT,BUDGETED,Budgeted,4,
TAX INCREMENT,PROJECTED,Projected,3,
TAX INCREMENT,UNAUDITED,Unaudited,2,
TAX INCREMENT,AUDITED,Audited,1,
TRANSP Grants,PROFORMA,Pro Forma,9,
TRANSP Grants,PROJECTED,Projected,8,
TRANSP Grants,BUDGETED,Budgeted,7,
TRANSP Grants,DEMAND_DATA,Demand data,6,
TRANSP Grants,DATA_ONLY,Data Only,5,
TRANSP Grants,12,Estimate,4,
TRANSP Grants,1,Actual,3,
TRANSP Grants,UNAUDITED,Unaudited,2,
TRANSP Grants,AUDITED,Audited,1,
TRANSP Infrastructure Enterprise,PROFORMA,Pro Forma,8,
TRANSP Infrastructure Enterprise,BUDGETED,Budgeted,7,
TRANSP Infrastructure Enterprise,DEMAND_DATA,Demand data,6,
TRANSP Infrastructure Enterprise,DATA_ONLY,Data Only,5,
TRANSP Infrastructure Enterprise,12,Estimate,4,
TRANSP Infrastructure Enterprise,1,Actual,3,
TRANSP Infrastructure Enterprise,UNAUDITED,Unaudited,2,
TRANSP Infrastructure Enterprise,AUDITED,Audited,1,
WATER SEWER,DATA_ONLY,Data Only,7,
WATER SEWER,DEMAND_DATA,Demand data,6,
WATER SEWER,PROJECTED,Projected,5,
WATER SEWER,BUDGETED,Budgeted,4,
WATER SEWER,UNAUDITED,Unaudited,3,
WATER SEWER,INITIAL_AUDIT,Initial Audit,2,
WATER SEWER,AUDITED,Audited,1,